custom_edit_url	sidebar_label	learn_status	learn_rel_path	sidebar_position	description
https://github.com/netdata/netdata/edit/master/docs/getting-started/introduction.md	Getting started	Published	Getting started	1	Present netdata in a nutshell. The section includes everything needed to have a basic Netdata setup running, including overview of configuration, installing an agent, and cloud basics.
https://github.com/netdata/netdata/edit/master/packaging/installer/README.md	Install Netdata	Published	Getting started	2	Download and install the open-source Netdata monitoring agent on physical/virtual servers, Linux (Ubuntu/Debian/CentOS/etc), Docker, Kubernetes, and many others, often with one command.
https://github.com/netdata/netdata/edit/master/docs/store/distributed-data-architecture.md	Distributed data architecture	Published	Getting started	3	Netdata's distributed data architecture stores metrics on individual nodes for high performance and scalability using all your granular metrics.
https://github.com/netdata/netdata/edit/master/docs/quickstart/infrastructure.md	Monitor your infrastructure	Published	Getting started/Monitor your infrastructure	4	Real-time infrastructure monitoring with Netdata Cloud. View key metrics, insightful charts, and active alarms from all your nodes.
https://github.com/netdata/netdata/edit/master/docs/cloud/manage/sign-in.md	Sign in with email, Google, or GitHub	Published	Getting started/Monitor your infrastructure	5	Learn how signing in to Cloud works via one of our three authentication methods, plus some tips if you're having trouble signing in.
https://github.com/netdata/netdata/edit/master/claim/README.md	Connect Agent to Cloud	Published	Getting started/Monitor your infrastructure	6	Connecting a Netdata Agent, running on a distributed node, to Netdata Cloud securely via the encrypted Agent-Cloud link (ACLK).
https://github.com/netdata/netdata/edit/master/docs/guides/troubleshoot/troubleshooting-agent-with-cloud-connection.md	Troubleshoot Agent-Cloud connectivity issues	Published	Getting started/Monitor your infrastructure	7	A simple guide to troubleshoot occurrences where the Agent is showing as offline after claiming.
https://github.com/netdata/netdata/edit/master/docs/cloud/manage/themes.md	Choose your Netdata Cloud theme	Published	Getting started/Monitor your infrastructure	8	Switch between Light and Dark themes in Netdata Cloud to match your personal visualization preferences.
https://github.com/netdata/netdata/edit/master/docs/cloud/spaces.md	Spaces	Published	Getting started/Monitor your infrastructure	9	Organize your infrastructure monitoring on Netdata Cloud by creating Spaces, then groupingyourAgent-monitored nodes.
https://github.com/netdata/netdata/edit/master/docs/cloud/war-rooms.md	War rooms	Published	Getting started/Monitor your infrastructure	10	Netdata Cloud uses War Rooms to group related nodes and create insightful compositedashboards based ontheir aggregate health and performance.
https://github.com/netdata/netdata/edit/master/docs/cloud/visualize/overview.md	Home, overview and single node view	Published	Getting started/Monitor your infrastructure	11	The Home tab automatically presents relevant information of your War Room, the Overview uses compositecharts from all the nodes in a given War Room and Single Node view provides a look at a specific Node
https://github.com/netdata/netdata/edit/master/docs/cloud/visualize/interact-new-charts.md	Interact with charts	Published	Getting started/Monitor your infrastructure	12	Learn how to get the most out of Netdata's charts. These charts will help you make sense of all themetrics at your disposal, helping you troubleshoot with real-time, per-second metric data
https://github.com/netdata/netdata/edit/master/docs/dashboard/visualization-date-and-time-controls.md	Visualization date and time controls	Published	Getting started/Monitor your infrastructure	13	Netdata's dashboard features powerful date visualization controls that include a time control (play, pause, force play), a timezone selector and a rich date and timeframe selector, with useful defaults and rich customization, to help you narrow your focus when troubleshooting issues or anomalies.
https://github.com/netdata/netdata/edit/master/docs/monitor/view-active-alarms.md	View active alerts	Published	Getting started/Monitor your infrastructure	14	View active alarms and their rich data to discover and resolve anomalies and performance issues across your infrastructure.
https://github.com/netdata/netdata/edit/master/docs/cloud/manage/invite-your-team.md	Invite your team	Published	Getting started/Monitor your infrastructure	15	Invite your entire SRE, DevOPs, or ITOps team to Netdata Cloud to give everyone insights into yourinfrastructure from a single pane of glass.
https://github.com/netdata/netdata/edit/master/docs/cloud/manage/plans.md	Netdata plans	Published	Getting started/Monitor your infrastructure	16	Explain what are Netdata Plans
https://github.com/netdata/netdata/edit/master/docs/cloud/manage/view-plan-billing.md	View Plan & Billing	Published	Getting started/Monitor your infrastructure	17	How to check details on your space plan and billing
https://github.com/netdata/netdata/edit/master/docs/cloud/cheatsheet.md	Manage and configure	Published	Getting started/Manage and configure	18	Connecting an Agent to the Cloud allows a Netdata Agent, running on a distributed node, to securely connect to Netdata Cloud via the encrypted Agent-Cloud link (ACLK).'
https://github.com/netdata/netdata/edit/master/docs/configure/common-changes.md	Common configuration changes	Published	Getting started/Manage and configure	19	See the most popular configuration changes to make to the Netdata Agent, including longer metrics retention, reduce sampling, and more.
https://github.com/netdata/netdata/edit/master/docs/configure/nodes.md	Configuration	Published	Getting started/Manage and configure	20	Netdata is zero-configuration for most users, but complex infrastructures may require you to tweak some of the Agent's granular settings.
https://github.com/netdata/netdata/edit/master/docs/configure/start-stop-restart.md	Start, stop, or restart the Netdata Agent	Published	Getting started/Manage and configure	21	Manage the Netdata Agent daemon, load configuration changes, and troubleshoot stuck processes on systemd and non-systemd nodes.
https://github.com/netdata/netdata/edit/master/daemon/README.md	Netdata daemon	Published	Getting started/Manage and configure	22	
https://github.com/netdata/netdata/edit/master/daemon/config/README.md	Daemon configuration	Published	Getting started/Manage and configure	23	The Netdata Agent's daemon is installed preconfigured to collect thousands of metrics every second, but is highly configurable for real-world workloads.
https://github.com/netdata/netdata/edit/master/cli/README.md	Agent CLI	Published	Getting started/Manage and configure	24	The Netdata Agent includes a command-line experience for reloading health configuration, reopening log files, halting the daemon, and more.
https://github.com/netdata/netdata/edit/master/docs/Demo-Sites.md	Live demos	Published	Getting started	25	
https://github.com/netdata/netdata/edit/master/docs/glossary.md	Glossary	Unpublished	Getting started	26	
https://github.com/netdata/netdata/edit/master/docs/category-overview-pages/deployment-strategies.md	Deployment in production	Published	Deployment in production	27	
https://github.com/netdata/netdata/edit/master/docs/guides/configure/performance.md	How to optimize the Netdata Agent's performance	Published	Deployment in production	28	While the Netdata Agent is designed to monitor a system with only 1% CPU, you can optimize its performance for low-resource systems.
https://github.com/netdata/netdata/edit/master/docs/netdata-security.md	Secure your nodes	Published	Deployment in production/Secure your nodes	29	Your data and systems are safe with Netdata, but we recommend a few easy ways to improve the security of your infrastructure.
https://github.com/netdata/netdata/edit/master/web/server/README.md	Web server	Published	Deployment in production/Secure your nodes	30	The Netdata Agent's local static-threaded web server serves dashboards and real-time visualizations with security and DDoS protection.
https://github.com/netdata/netdata/edit/master/docs/anonymous-statistics.md	Anonymous telemetry events	Published	Deployment in production/Secure your nodes	31	
https://github.com/netdata/netdata/edit/master/registry/README.md	Registry	Published	Deployment in production/Secure your nodes	32	Netdata utilizes a central registry of machines/person GUIDs, URLs, and opt-in account information to provide unified cross-server dashboards.
https://github.com/netdata/netdata/edit/master/docs/cloud/manage/role-based-access.md	Role-based access model	Published	Deployment in production/Secure your nodes	33	Explanation of Netdata roles and permissions linked to them
https://github.com/netdata/netdata/edit/master/docs/Running-behind-nginx.md	Nginx	Published	Deployment in production/Secure your nodes/Reverse proxies	34	
https://github.com/netdata/netdata/edit/master/docs/Running-behind-haproxy.md	HAProxy	Published	Deployment in production/Secure your nodes/Reverse proxies	35	
https://github.com/netdata/netdata/edit/master/docs/Running-behind-apache.md	Apache	Published	Deployment in production/Secure your nodes/Reverse proxies	36	
https://github.com/netdata/netdata/edit/master/docs/Running-behind-lighttpd.md	Lighttpd v1.4.x	Published	Deployment in production/Secure your nodes/Reverse proxies	37	
https://github.com/netdata/netdata/edit/master/docs/Running-behind-caddy.md	Caddy	Published	Deployment in production/Secure your nodes/Reverse proxies	38	
https://github.com/netdata/netdata/edit/master/docs/Running-behind-h2o.md	H2O	Published	Deployment in production/Secure your nodes/Reverse proxies	39	
https://github.com/netdata/netdata/edit/master/docs/cloud/data-privacy.md	Data privacy	Published	Deployment in production	40	Keeping your data safe and secure is our priority.Netdata never stores your personal information in the Netdata Cloud.
https://github.com/netdata/netdata/edit/master/docs/metrics-storage-management/enable-streaming.md	Streaming and replication	Published	Deployment in production/Streaming and replication	41	With metrics streaming enabled, you can not only replicate metrics data into a second database, but also view dashboards and trigger alarm notifications for multiple nodes in parallel.
https://github.com/netdata/netdata/edit/master/streaming/README.md	Streaming configuration reference	Published	Deployment in production/Streaming and replication	42	Replicate and mirror Netdata's metrics through real-time streaming from child to parent nodes. Then combine, correlate, and export.
https://github.com/netdata/netdata/edit/master/database/README.md	Metric retention - Database	Published	Deployment in production/Metric retention - Database	43	The Netdata Agent leverages multiple, user-configurable time-series databases that use RAM and/or disk to store metrics on any type of node.
https://github.com/netdata/netdata/edit/master/docs/store/change-metrics-storage.md	Change how long Netdata stores metrics	Published	Deployment in production/Metric retention - Database	44	With a single configuration change, the Netdata Agent can store days, weeks, or months of metrics at its famous per-second granularity.
https://github.com/netdata/netdata/edit/master/database/engine/README.md	Database engine	Published	Deployment in production/Metric retention - Database	45	Netdata's highly-efficient database engine use both RAM and disk for distributed, long-term storage of per-second metrics.
https://github.com/netdata/netdata/edit/master/docs/guides/using-host-labels.md	Use host labels to organize systems, metrics, and alarms	Published	Deployment in production	46	
https://github.com/netdata/netdata/edit/master/docs/category-overview-pages/installation-overview.md	Installation	Published	Installation	47	
https://github.com/netdata/netdata/edit/master/packaging/PLATFORM_SUPPORT.md	Platform support policy	Published	Installation	48	Present all the supported platform in the Netdata solution
https://github.com/netdata/netdata/edit/master/packaging/installer/methods/kickstart.md	One line installer (kickstart.sh)	Published	Installation/Installation methods	49	The kickstart.sh script installs Netdata from source, including all dependencies required to connect to Netdata Cloud, with a single command.
https://github.com/netdata/netdata/edit/master/packaging/installer/methods/packages.md	Native DEB/RPM packages	Published	Installation/Installation methods	50	Instructions for how to install Netdata using native DEB or RPM packages.
https://github.com/netdata/netdata/edit/master/packaging/installer/methods/manual.md	From a Git checkout	Published	Installation/Installation methods	51	Use the Netdata Agent source code from GitHub, plus helper scripts to set up your system, to install Netdata without packages or binaries.
https://github.com/netdata/netdata/edit/master/packaging/installer/methods/methods.md	Installation methods	Published	Installation/Installation methods	52	Netdata can be installed as a DEB/RPM package, a static binary, a docker container or from source
https://github.com/netdata/netdata/edit/master/packaging/makeself/README.md	Static binary packages	Published	Installation/Installation methods	53	Users can build the static 64-bit binary package that we ship with every release of the open-source Netdata Agent for debugging or specialize purposes.
https://github.com/netdata/netdata/edit/master/packaging/docker/README.md	Docker	Published	Installation/Installation methods	54	
https://github.com/netdata/netdata/edit/master/packaging/installer/methods/offline.md	Offline systems	Published	Installation/Installation methods	55	Install the Netdata Agent on offline/air gapped systems to benefit from real-time, per-second monitoring without connecting to the internet.
https://github.com/netdata/netdata/edit/master/packaging/installer/methods/ansible.md	Ansible	Published	Installation/Install on specific environments	56	Deploy an infrastructure monitoring solution in minutes with the Netdata Agent and Ansible. Use and customize a simple playbook for monitoring as code.
https://github.com/netdata/netdata/edit/master/packaging/installer/methods/aws.md	AWS	Published	Installation/Install on specific environments	57	The Netdata Agent runs on all popular cloud providers, but often requires additional steps and configuration for full functionality.
https://github.com/netdata/netdata/edit/master/packaging/installer/methods/azure.md	Azure	Published	Installation/Install on specific environments	58	The Netdata Agent runs on all popular cloud providers, but often requires additional steps and configuration for full functionality.
https://github.com/netdata/netdata/edit/master/packaging/installer/methods/freebsd.md	FreeBSD	Published	Installation/Install on specific environments	59	Install Netdata on FreeBSD to monitor the health and performance of bare metal or VMs with thousands of real-time, per-second metrics.
https://github.com/netdata/netdata/edit/master/packaging/installer/methods/freenas.md	FreeNAS	Published	Installation/Install on specific environments	60	
https://github.com/netdata/netdata/edit/master/packaging/installer/methods/gcp.md	GCP	Published	Installation/Install on specific environments	61	The Netdata Agent runs on all popular cloud providers, but often requires additional steps and configuration for full functionality.
https://github.com/netdata/netdata/edit/master/packaging/installer/methods/kubernetes.md	Kubernetes	Published	Installation/Install on specific environments/Kubernetes	62	Deploy Netdata to monitor a Kubernetes cluster to monitor the health, performance, resource utilization, and application metrics of a Kubernetes cluster in real time.
https://github.com/netdata/helmchart/edit/master/charts/netdata/README.md	Kubernetes Helm chart reference	Published	Installation/Install on specific environments/Kubernetes	63	
https://github.com/netdata/netdata/edit/master/packaging/installer/methods/macos.md	macOS	Published	Installation/Install on specific environments	64	
https://github.com/netdata/netdata/edit/master/packaging/installer/methods/pfsense.md	pfSense	Published	Installation/Install on specific environments	65	Install Netdata on pfSense to monitor the health and performance of firewalls with thousands of real-time, per-second metrics.
https://github.com/netdata/netdata/edit/master/packaging/installer/methods/synology.md	Synology	Published	Installation/Install on specific environments	66	The Netdata Agent can be installed on AMD64-compatible NAS systems using the 64-bit pre-compiled static binary.
https://github.com/netdata/netdata/edit/master/packaging/installer/methods/systems.md	Install on specific environments	Published	Installation/Install on specific environments	67	Netdata can be installed as a DEB/RPM package, a static binary, a docker container or from source
https://github.com/netdata/netdata/edit/master/packaging/maintainers/README.md	Package Maintainers	Published	Installation/Package maintainers	68	
https://github.com/netdata/netdata/edit/master/packaging/installer/methods/source.md	Manually build Netdata from source	Published	Installation/Package maintainers	69	Package maintainers and power users may be interested in manually building Netdata from source without using any of our installation scripts.
https://github.com/netdata/netdata/edit/master/build_external/README.md	External build-system	Published	Installation/Package maintainers	70	
https://github.com/netdata/netdata/edit/master/packaging/building-native-packages-locally.md	How to build native (DEB/RPM) packages locally for testing	Published	Installation/Package maintainers	71	Instructions for developers who need to build native packages locally for testing.
https://github.com/netdata/netdata/edit/master/contrib/README.md	Netdata contrib	Published	Installation/Package maintainers	72	
https://github.com/netdata/netdata/edit/master/packaging/installer/REINSTALL.md	Reinstall Netdata	Published	Installation	73	Troubleshooting installation issues or force an update of the Netdata Agent by reinstalling it using the same method you used during installation.
https://github.com/netdata/netdata/edit/master/packaging/installer/UNINSTALL.md	Uninstall Netdata	Published	Installation	74	If you are no longer interested in using the Netdata Agent, use the self-contained uninstaller to remove all traces of binaries and configuration files.
https://github.com/netdata/netdata/edit/master/packaging/installer/UPDATE.md	Update Netdata	Published	Installation	75	If you opted out of automatic updates, you need to update your Netdata Agent to the latest nightly or stable version.
https://github.com/netdata/netdata/edit/master/collectors/README.md	Data Collection	Published	Data collection	76	
https://github.com/netdata/netdata/edit/master/docs/collect/system-metrics.md	System metrics	Published	Data collection	77	Netdata collects thousands of metrics from physical and virtual systems, IoT/edge devices, and containers with zero configuration.
https://github.com/netdata/netdata/edit/master/docs/collect/application-metrics.md	Application metrics	Published	Data collection	78	Monitor and troubleshoot every application on your infrastructure with per-second metrics, zero configuration, and meaningful charts.
https://github.com/netdata/netdata/edit/master/docs/collect/container-metrics.md	Container metrics	Published	Data collection	79	Use Netdata to collect per-second utilization and application-level metrics from Linux/Docker containers and Kubernetes clusters.
https://github.com/netdata/netdata/edit/master/collectors/REFERENCE.md	Collectors configuration	Published	Data collection	80	
https://github.com/netdata/agent-service-discovery/edit/master/README.md	Service discovery	Published	Data collection	81	
https://github.com/netdata/netdata/edit/master/docs/dashboard/dimensions-contexts-families.md	Chart dimensions, contexts, and families	Published	Data collection	82	 Netdata organizes charts into dimensions, contexts, and families to automaticallyand meaningfully organize thousands of metrics into interactive charts.
https://github.com/netdata/netdata/edit/master/collectors/COLLECTORS.md	Monitor Anything	Published	Data collection/Monitor Anything	83	Netdata gathers real-time metrics from hundreds of data sources using collectors. Most require zero configuration and are pre-configured out of the box.
https://github.com/netdata/netdata/edit/master/collectors/statsd.plugin/README.md	StatsD	Published	Data collection/Monitor Anything/Generic Collectors	84	The Netdata Agent is a fully-featured StatsD server that collects metrics from any custom application and visualizes them in real-time.
https://github.com/netdata/go.d.plugin/edit/master/modules/prometheus/README.md	Prometheus endpoints	Published	Data collection/Monitor Anything/Generic Collectors	85	Monitor the health and performance of 600+ services that support the Prometheus metrics with Netdata's per-second frequency and zero configuration.
https://github.com/netdata/netdata/edit/master/collectors/python.d.plugin/pandas/README.md	Ingest structured data (Pandas)	Published	Data collection/Monitor Anything/Generic Collectors	86	
https://github.com/netdata/netdata/edit/master/collectors/python.d.plugin/anomalies/README.md	anomalies	Published	Data collection/Monitor Anything/Generic Collectors	87	Use ML-driven anomaly detection to narrow your focus to only affected metrics and services/processes on your node to shorten root cause analysis.
https://github.com/netdata/netdata/edit/master/collectors/python.d.plugin/retroshare/README.md	RetroShare	Published	Data collection/Monitor Anything/Application Performance Monitoring	88	
https://github.com/netdata/go.d.plugin/edit/master/modules/logstash/README.md	Logstash	Published	Data collection/Monitor Anything/Application Performance Monitoring	89	Monitor the health and performance of Logstash instances with zero configuration, per-second metric granularity, and interactive visualizations.
https://github.com/netdata/go.d.plugin/edit/master/modules/phpdaemon/README.md	phpDaemon	Published	Data collection/Monitor Anything/Application Performance Monitoring	90	Monitor the health and performance of phpDaemon workers with zero configuration, per-second metric granularity, and interactive visualizations.
https://github.com/netdata/go.d.plugin/edit/master/modules/springboot2/README.md	Java Spring Boot 2 applications	Published	Data collection/Monitor Anything/Application Performance Monitoring	91	Monitor the health and performance of Spring Boot 2-compatible apps with zero configuration, per-second metric granularity, and interactive visualizations.
https://github.com/netdata/netdata/edit/master/collectors/python.d.plugin/go_expvar/README.md	Go applications	Published	Data collection/Monitor Anything/Application Performance Monitoring	92	
https://github.com/netdata/netdata/edit/master/collectors/python.d.plugin/litespeed/README.md	LiteSpeed	Published	Data collection/Monitor Anything/Application Performance Monitoring	93	
https://github.com/netdata/netdata/edit/master/collectors/python.d.plugin/fail2ban/README.md	Fail2ban	Published	Data collection/Monitor Anything/Apps	94	
https://github.com/netdata/netdata/edit/master/collectors/python.d.plugin/samba/README.md	Samba	Published	Data collection/Monitor Anything/Apps	95	
https://github.com/netdata/netdata/edit/master/collectors/python.d.plugin/tor/README.md	Tor	Published	Data collection/Monitor Anything/Apps	96	
https://github.com/netdata/netdata/edit/master/collectors/statsd.plugin/k6.md	K6 Load Testing	Published	Data collection/Monitor Anything/apps	97	
https://github.com/netdata/go.d.plugin/edit/master/modules/chrony/README.md	Chrony	Published	Data collection/Monitor Anything/Apps	98	
https://github.com/netdata/go.d.plugin/edit/master/modules/elasticsearch/README.md	Elasticsearch	Published	Data collection/Monitor Anything/Apps	99	Monitor the health and performance of Elasticsearch engines with zero configuration, per-second metric granularity, and interactive visualizations.
https://github.com/netdata/go.d.plugin/edit/master/modules/ntpd/README.md	NTP daemon	Published	Data collection/Monitor Anything/Apps	100	
https://github.com/netdata/go.d.plugin/edit/master/modules/pihole/README.md	Pi-hole	Published	Data collection/Monitor Anything/Apps	101	Monitor the health and performance of Pi-hole instances with zero configuration, per-second metric granularity, and interactive visualizations.
https://github.com/netdata/go.d.plugin/edit/master/modules/solr/README.md	Solr	Published	Data collection/Monitor Anything/Apps	102	Monitor the health and performance of Solr search servers with zero configuration, per-second metric granularity, and interactive visualizations.
https://github.com/netdata/go.d.plugin/edit/master/modules/geth/README.md	Go-ethereum	Published	Data collection/Monitor Anything/Blockchain	103	Monitor the health and performance of your go-ethereum Nodes (Geth) with zero configuration, per-second metric granularity, and interactive visualizations.
https://github.com/netdata/go.d.plugin/edit/master/modules/k8s_kubelet/README.md	Kubelet	Published	Data collection/Monitor Anything/Container orchestrators/Kubernetes	104	Monitor the health and performance of Kubelet agents with zero configuration, per-second metric granularity, and interactive visualizations.
https://github.com/netdata/go.d.plugin/edit/master/modules/k8s_kubeproxy/README.md	Kube-proxy	Published	Data collection/Monitor Anything/Container orchestrators/Kubernetes	105	Monitor the health and performance of Kube-proxy instances with zero configuration, per-second metric granularity, and interactive visualizations.
https://github.com/netdata/go.d.plugin/edit/master/modules/k8s_state/README.md	Kubernetes cluster state	Published	Data collection/Monitor Anything/Container orchestrators/Kubernetes	106	Monitor the state of your Kubernetes clusters with zero configuration, per-second metric granularity, and interactive visualizations.
https://github.com/netdata/netdata/edit/master/collectors/python.d.plugin/memcached/README.md	Memcached	Published	Data collection/Monitor Anything/Databases	107	
https://github.com/netdata/netdata/edit/master/collectors/python.d.plugin/oracledb/README.md	OracleDB	Published	Data collection/Monitor Anything/Databases	108	
https://github.com/netdata/netdata/edit/master/collectors/python.d.plugin/rethinkdbs/README.md	RethinkDB	Published	Data collection/Monitor Anything/Databases	109	
https://github.com/netdata/netdata/edit/master/collectors/python.d.plugin/riakkv/README.md	Riak KV	Published	Data collection/Monitor Anything/Databases	110	
https://github.com/netdata/go.d.plugin/edit/master/modules/cassandra/README.md	Cassandra	Published	Data collection/Monitor Anything/Databases	111	Monitor the health and performance of Cassandra database servers with zero configuration, per-second metric granularity, and interactive visualizations.
https://github.com/netdata/go.d.plugin/edit/master/modules/cockroachdb/README.md	CockroachDB	Published	Data collection/Monitor Anything/Databases	112	Monitor the health and performance of CockroachDB databases with zero configuration, per-second metric granularity, and interactive visualizations.
https://github.com/netdata/go.d.plugin/edit/master/modules/couchbase/README.md	Couchbase	Published	Data collection/Monitor Anything/Databases	113	Monitor the health and performance of Couchbase databases with zero configuration, per-second metric granularity, and interactive visualizations.
https://github.com/netdata/go.d.plugin/edit/master/modules/couchdb/README.md	CouchDB	Published	Data collection/Monitor Anything/Databases	114	Monitor the health and performance of CouchDB databases with zero configuration, per-second metric granularity, and interactive visualizations.
https://github.com/netdata/go.d.plugin/edit/master/modules/mongodb/README.md	mongodb-go.d.plugin (Recommended)	Published	Data collection/Monitor Anything/Databases	115	Monitor the health and performance of MongoDB with zero configuration, per-second metric granularity, and interactive visualizations.
https://github.com/netdata/go.d.plugin/edit/master/modules/mysql/README.md	MySQL	Published	Data collection/Monitor Anything/Databases	116	Monitor connections, slow queries, InnoDB memory and disk utilization, locks, and more with zero configuration and per-second metric granularity.
https://github.com/netdata/go.d.plugin/edit/master/modules/pgbouncer/README.md	PgBouncer	Published	Data collection/Monitor Anything/Databases	117	Monitor client and server connections and databases statistics.
https://github.com/netdata/go.d.plugin/edit/master/modules/postgres/README.md	PostgresSQL	Published	Data collection/Monitor Anything/Databases	118	Monitor connections, replication, databases, locks, and more with zero configuration and per-second metric granularity.
https://github.com/netdata/go.d.plugin/edit/master/modules/proxysql/README.md	proxysql-go.d.plugin (Recommended)	Published	Data collection/Monitor Anything/Databases	119	Monitor connections, slow queries, lagging, backends status and more with zero configuration and per-second metric granularity.
https://github.com/netdata/go.d.plugin/edit/master/modules/redis/README.md	Redis	Published	Data collection/Monitor Anything/Databases	120	Monitor the health and performance of Redis storage services with zero configuration, per-second metric granularity, and interactive visualizations.
https://github.com/netdata/go.d.plugin/edit/master/modules/zookeeper/README.md	ZooKeeper	Published	Data collection/Monitor Anything/Databases	121	Monitor the health and performance of Zookeeper servers with zero configuration, per-second metric granularity, and interactive visualizations.
https://github.com/netdata/netdata/edit/master/collectors/charts.d.plugin/sensors/README.md	lm-sensors	Published	Data collection/Monitor Anything/Devices	122	
https://github.com/netdata/netdata/edit/master/collectors/freeipmi.plugin/README.md	freeipmi.plugin	Published	Data collection/Monitor Anything/Devices	123	
https://github.com/netdata/netdata/edit/master/collectors/python.d.plugin/megacli/README.md	MegaRAID controllers	Published	Data collection/Monitor Anything/Devices	124	
https://github.com/netdata/netdata/edit/master/collectors/python.d.plugin/nvidia_smi/README.md	nvidia_smi-python.d.plugin	Published	Data collection/Monitor Anything/Devices	125	
https://github.com/netdata/netdata/edit/master/collectors/python.d.plugin/sensors/README.md	sensors-python.d.plugin	Published	Data collection/Monitor Anything/Devices	126	
https://github.com/netdata/netdata/edit/master/collectors/python.d.plugin/smartd_log/README.md	S.M.A.R.T. attributes	Published	Data collection/Monitor Anything/Devices	127	
https://github.com/netdata/go.d.plugin/edit/master/modules/nvidia_smi/README.md	nvidia_smi-go.d.plugin (Recommended)	Published	Data collection/Monitor Anything/Devices	128	Monitors performance metrics using the nvidia-smi CLI tool.
https://github.com/netdata/go.d.plugin/edit/master/modules/nvme/README.md	NVMe devices	Published	Data collection/Monitor Anything/Devices	129	Monitors NVMe devices health metrics using the nvme CLI tool.
https://github.com/netdata/go.d.plugin/edit/master/modules/powerdns/README.md	PowerDNS Authoritative Server	Published	Data collection/Monitor Anything/Devices	130	Monitor the health and performance of PowerDNS nameservers with zero configuration, per-second metric granularity, and interactive visualizations.
https://github.com/netdata/go.d.plugin/edit/master/modules/powerdns_recursor/README.md	PowerDNS Recursor	Published	Data collection/Monitor Anything/Devices	131	Monitor the health and performance of PowerDNS recursor instances with zero configuration, per-second metric granularity, and interactive visualizations.
https://github.com/netdata/netdata/edit/master/collectors/python.d.plugin/boinc/README.md	BOINC	Published	Data collection/Monitor Anything/Distributed computing	132	
https://github.com/netdata/netdata/edit/master/collectors/python.d.plugin/gearman/README.md	Gearman	Published	Data collection/Monitor Anything/Distributed computing	133	
https://github.com/netdata/netdata/edit/master/collectors/python.d.plugin/adaptec_raid/README.md	Adaptec RAID	Published	Data collection/Monitor Anything/Hardware	134	
https://github.com/netdata/netdata/edit/master/collectors/python.d.plugin/hddtemp/README.md	Hard drive temperature	Published	Data collection/Monitor Anything/Hardware	135	
https://github.com/netdata/go.d.plugin/edit/master/modules/fluentd/README.md	Fluentd	Published	Data collection/Monitor Anything/Logs	136	Monitor the health and performance of Fluentd servers with zero configuration, per-second metric granularity, and interactive visualizations.
https://github.com/netdata/netdata/edit/master/collectors/python.d.plugin/beanstalk/README.md	Beanstalk	Published	Data collection/Monitor Anything/Message brokers	137	
https://github.com/netdata/go.d.plugin/edit/master/modules/activemq/README.md	ActiveMQ	Published	Data collection/Monitor Anything/Message brokers	138	Monitor the health and performance of ActiveMQ message brokers with zero configuration, per-second metric granularity, and interactive visualizations.
https://github.com/netdata/go.d.plugin/edit/master/modules/pulsar/README.md	Pulsar	Published	Data collection/Monitor Anything/Message brokers	139	Monitor the health and performance of Apache Pulsar messaging systems with zero configuration, per-second metric granularity, and interactive visualizations.
https://github.com/netdata/go.d.plugin/edit/master/modules/rabbitmq/README.md	rabbitmq-go.d.plugin (Recommended)	Published	Data collection/Monitor Anything/Message brokers	140	Monitor the health and performance of RabbitMQ message brokers with zero configuration, per-second metric granularity, and interactive visualizations.
https://github.com/netdata/go.d.plugin/edit/master/modules/vernemq/README.md	VerneMQ	Published	Data collection/Monitor Anything/Message brokers	141	Monitor the health and performance of VerneMQ MQTT brokers with zero configuration, per-second metric granularity, and interactive visualizations.
https://github.com/netdata/netdata/edit/master/collectors/charts.d.plugin/example/README.md	example-charts.d.plugin	Published	Data collection/Monitor Anything/Mock Collectors	142	
https://github.com/netdata/netdata/edit/master/collectors/python.d.plugin/example/README.md	Example module in Python	Published	Data collection/Monitor Anything/Mock Collectors	143	
https://github.com/netdata/go.d.plugin/edit/master/modules/example/README.md	Example module in Go	Published	Data collection/Monitor Anything/Mock Collectors	144	Use this example data collection module, which produces example charts with random values, to better understand how to build your own collector in Go.
https://github.com/netdata/netdata/edit/master/collectors/python.d.plugin/alarms/README.md	Alarms	Published	Data collection/Monitor Anything/Netdata	145	
https://github.com/netdata/netdata/edit/master/collectors/python.d.plugin/zscores/README.md	zscores	Published	Data collection/Monitor Anything/Netdata	146	Use statistical anomaly detection to narrow your focus and shorten root cause analysis.
https://github.com/netdata/netdata/edit/master/collectors/charts.d.plugin/libreswan/README.md	Libreswan IPSec tunnels	Published	Data collection/Monitor Anything/Networking	147	
https://github.com/netdata/netdata/edit/master/collectors/charts.d.plugin/opensips/README.md	OpenSIPS	Published	Data collection/Monitor Anything/Networking	148	
https://github.com/netdata/netdata/edit/master/collectors/nfacct.plugin/README.md	Netfilter statistics (nfacct.plugin)	Published	Data collection/Monitor Anything/Networking	149	
https://github.com/netdata/netdata/edit/master/collectors/python.d.plugin/icecast/README.md	Icecast	Published	Data collection/Monitor Anything/Networking	150	
https://github.com/netdata/netdata/edit/master/collectors/python.d.plugin/nsd/README.md	NSD	Published	Data collection/Monitor Anything/Networking	151	
https://github.com/netdata/netdata/edit/master/collectors/python.d.plugin/openldap/README.md	OpenLDAP	Published	Data collection/Monitor Anything/Networking	152	
https://github.com/netdata/netdata/edit/master/collectors/tc.plugin/README.md	tc.plugin	Published	Data collection/Monitor Anything/Networking	153	
https://github.com/netdata/go.d.plugin/edit/master/modules/coredns/README.md	CoreDNS	Published	Data collection/Monitor Anything/Networking	154	Monitor the health and performance of CoreDNS servers with zero configuration, per-second metric granularity, and interactive visualizations.
https://github.com/netdata/go.d.plugin/edit/master/modules/dnsdist/README.md	DNSdist	Published	Data collection/Monitor Anything/Networking	155	Monitor the health and performance of DNSdist load balancers with zero configuration, per-second metric granularity, and interactive visualizations.
https://github.com/netdata/go.d.plugin/edit/master/modules/dnsmasq/README.md	Dnsmasq DNS Forwarder	Published	Data collection/Monitor Anything/Networking	156	Monitor the health and performance of Dnsmasq DNS forwarders with zero configuration, per-second metric granularity, and interactive visualizations.
https://github.com/netdata/go.d.plugin/edit/master/modules/dnsmasq_dhcp/README.md	Dnsmasq DHCP	Published	Data collection/Monitor Anything/Networking	157	Monitor the health and performance of Dnsmasq DHCP servers with zero configuration, per-second metric granularity, and interactive visualizations.
https://github.com/netdata/go.d.plugin/edit/master/modules/dnsquery/README.md	DNS queries	Published	Data collection/Monitor Anything/Networking	158	Monitor the health and performance of DNS query round-trip time with zero configuration, per-second metric granularity, and interactive visualizations.
https://github.com/netdata/go.d.plugin/edit/master/modules/freeradius/README.md	FreeRADIUS	Published	Data collection/Monitor Anything/Networking	159	Monitor the health and performance of FreeRADIUS servers with zero configuration, per-second metric granularity, and interactive visualizations.
https://github.com/netdata/go.d.plugin/edit/master/modules/isc_dhcpd/README.md	ISC DHCPd	Published	Data collection/Monitor Anything/Networking	160	Monitor the health and performance of ISC DHCP servers with zero configuration, per-second metric granularity, and interactive visualizations.
https://github.com/netdata/go.d.plugin/edit/master/modules/openvpn/README.md	OpenVPN	Published	Data collection/Monitor Anything/Networking	161	Monitor the health and performance of OpenVPN servers with zero configuration, per-second metric granularity, and interactive visualizations.
https://github.com/netdata/go.d.plugin/edit/master/modules/openvpn_status_log/README.md	OpenVPN(StatusLog)	Published	Data collection/Monitor Anything/Networking	162	
https://github.com/netdata/go.d.plugin/edit/master/modules/unbound/README.md	Unbound	Published	Data collection/Monitor Anything/Networking	163	Monitor the health and performance of Unbound DNS resolvers with zero configuration, per-second metric granularity, and interactive visualizations.
https://github.com/netdata/go.d.plugin/edit/master/modules/wireguard/README.md	WireGuard	Published	Data collection/Monitor Anything/Networking	164	Monitor WireGuard VPN network interfaces and peers traffic.
https://github.com/netdata/netdata/edit/master/collectors/python.d.plugin/puppet/README.md	Puppet	Published	Data collection/Monitor Anything/Provisioning tools	165	
https://github.com/netdata/netdata/edit/master/collectors/idlejitter.plugin/README.md	idlejitter.plugin	Published	Data collection/Monitor Anything/QoS	166	
https://github.com/netdata/netdata/edit/master/collectors/ioping.plugin/README.md	Latency monitoring (ioping.plugin)	Published	Data collection/Monitor Anything/QoS	167	
https://github.com/netdata/netdata/edit/master/collectors/python.d.plugin/changefinder/README.md	changefinder	Published	Data collection/Monitor Anything/QoS	168	Use ML-driven change point detection to narrow your focus and shorten root cause analysis.
https://github.com/netdata/go.d.plugin/edit/master/modules/ping/README.md	Ping	Published	Data collection/Monitor Anything/QoS	169	Monitor round-trip time and packet loss to network hosts with zero configuration, per-second metric granularity, and interactive visualizations.
https://github.com/netdata/go.d.plugin/edit/master/modules/squidlog/README.md	Web server logs (Squid)	Published	Data collection/Monitor Anything/Quantify logs to metrics	170	Monitor the health and performance of Squid web server logs with zero configuration, per-second metric granularity, and interactive visualizations.
https://github.com/netdata/go.d.plugin/edit/master/modules/weblog/README.md	Web server logs (Apache, NGINX, Microsoft IIS)	Published	Data collection/Monitor Anything/Quantify logs to metrics	171	Monitor the health and performance of Apache or Nginx logs with zero configuration, per-second metric granularity, and interactive visualizations.
https://github.com/netdata/netdata/edit/master/collectors/charts.d.plugin/ap/README.md	Access points	Published	Data collection/Monitor Anything/Remotes/Devices	172	
https://github.com/netdata/netdata/edit/master/collectors/charts.d.plugin/apcupsd/README.md	APC UPS	Published	Data collection/Monitor Anything/Remotes/Devices	173	
https://github.com/netdata/netdata/edit/master/collectors/charts.d.plugin/nut/README.md	UPS/PDU	Published	Data collection/Monitor Anything/Remotes/Devices	174	
https://github.com/netdata/netdata/edit/master/collectors/cups.plugin/README.md	cups.plugin	Published	Data collection/Monitor Anything/Remotes/Devices	175	
https://github.com/netdata/netdata/edit/master/collectors/python.d.plugin/am2320/README.md	AM2320	Published	Data collection/Monitor Anything/Remotes/Devices	176	
https://github.com/netdata/netdata/edit/master/collectors/python.d.plugin/w1sensor/README.md	1-Wire sensors	Published	Data collection/Monitor Anything/Remotes/Devices	177	
https://github.com/netdata/go.d.plugin/edit/master/modules/energid/README.md	Energi Core Wallet	Published	Data collection/Monitor Anything/Remotes/Devices	178	Monitor the health and performance of Energi Core Wallets with zero configuration, per-second metric granularity, and interactive visualizations.
https://github.com/netdata/go.d.plugin/edit/master/modules/httpcheck/README.md	HTTP endpoints	Published	Data collection/Monitor Anything/Remotes	179	Monitor the health and performance of any HTTP endpoint with zero configuration, per-second metric granularity, and interactive visualizations.
https://github.com/netdata/go.d.plugin/edit/master/modules/portcheck/README.md	TCP endpoints	Published	Data collection/Monitor Anything/Remotes	180	Monitor the health and performance of any TCP endpoint with zero configuration, per-second metric granularity, and interactive visualizations.
https://github.com/netdata/go.d.plugin/edit/master/modules/snmp/README.md	SNMP	Published	Data collection/Monitor Anything/Remotes	181	
https://github.com/netdata/netdata/edit/master/collectors/python.d.plugin/ceph/README.md	CEPH	Published	Data collection/Monitor Anything/Storage	182	
https://github.com/netdata/netdata/edit/master/collectors/python.d.plugin/hpssa/README.md	HP Smart Storage Arrays	Published	Data collection/Monitor Anything/Storage	183	
https://github.com/netdata/netdata/edit/master/collectors/python.d.plugin/ipfs/README.md	IPFS	Published	Data collection/Monitor Anything/Storage	184	
https://github.com/netdata/netdata/edit/master/collectors/python.d.plugin/monit/README.md	Monit	Published	Data collection/Monitor Anything/Storage	185	
https://github.com/netdata/go.d.plugin/edit/master/modules/hdfs/README.md	HDFS	Published	Data collection/Monitor Anything/Storage	186	Monitor the health and performance of HDFS nodes with zero configuration, per-second metric granularity, and interactive visualizations.
https://github.com/netdata/go.d.plugin/edit/master/modules/pika/README.md	Pika	Published	Data collection/Monitor Anything/Storage	187	Monitor the health and performance of Pika storage services with zero configuration, per-second metric granularity, and interactive visualizations.
https://github.com/netdata/go.d.plugin/edit/master/modules/scaleio/README.md	ScaleIO	Published	Data collection/Monitor Anything/Storage	188	Monitor the health and performance of ScaleIO storage with zero configuration, per-second metric granularity, and interactive visualizations.
https://github.com/netdata/netdata/edit/master/collectors/apps.plugin/README.md	Application monitoring 	Published	Data collection/Monitor Anything/System metrics	189	
https://github.com/netdata/netdata/edit/master/collectors/diskspace.plugin/README.md	Disks	Published	Data collection/Monitor Anything/System metrics	190	Monitor the disk usage space of mounted disks in real-time with the Netdata Agent, plus preconfigured alarms for disks at risk of filling up.
https://github.com/netdata/netdata/edit/master/collectors/ebpf.plugin/README.md	Kernel traces/metrics (eBPF)	Published	Data collection/Monitor Anything/System metrics	191	Use Netdata's extended Berkeley Packet Filter (eBPF) collector to monitor kernel-level metrics about yourcomplex applications with per-second granularity.
https://github.com/netdata/netdata/edit/master/collectors/freebsd.plugin/README.md	FreeBSD system metrics (freebsd.plugin)	Published	Data collection/Monitor Anything/System metrics	192	
https://github.com/netdata/netdata/edit/master/collectors/macos.plugin/README.md	macos.plugin	Published	Data collection/Monitor Anything/System metrics	193	
https://github.com/netdata/netdata/edit/master/collectors/perf.plugin/README.md	CPU performance statistics (perf.plugin)	Published	Data collection/Monitor Anything/System metrics	194	
https://github.com/netdata/netdata/edit/master/collectors/proc.plugin/README.md	OS provided metrics (proc.plugin)	Published	Data collection/Monitor Anything/System metrics	195	
https://github.com/netdata/netdata/edit/master/collectors/slabinfo.plugin/README.md	slabinfo.plugin	Published	Data collection/Monitor Anything/System metrics	196	
https://github.com/netdata/netdata/edit/master/collectors/timex.plugin/README.md	timex.plugin	Published	Data collection/Monitor Anything/System metrics	197	Monitor the system clock synchronization state.
https://github.com/netdata/go.d.plugin/edit/master/modules/filecheck/README.md	Files and Dirs	Published	Data collection/Monitor Anything/System metrics	198	Monitor the health and performance of files and directories with zero configuration, per-second metric granularity, and interactive visualizations.
https://github.com/netdata/go.d.plugin/edit/master/modules/logind/README.md	logind-go.d.plugin (Recommended)	Published	Data collection/Monitor Anything/System metrics	199	Monitors number of sessions and users with zero configuration, per-second metric granularity, and interactive visualizations.
https://github.com/netdata/go.d.plugin/edit/master/modules/systemdunits/README.md	Systemd units	Published	Data collection/Monitor Anything/System metrics	200	Monitor the health and performance of Systemd units states with zero configuration, per-second metric granularity, and interactive visualizations.
https://github.com/netdata/go.d.plugin/edit/master/modules/windows/README.md	Windows machines	Published	Data collection/Monitor Anything/System metrics	201	Monitor the health and performance of Windows machines with zero configuration, per-second metric granularity, and interactive visualizations.
https://github.com/netdata/netdata/edit/master/collectors/cgroups.plugin/README.md	Monitor Cgroups	Published	Data collection/Monitor Anything/Virtualized environments/Containers	202	
https://github.com/netdata/go.d.plugin/edit/master/modules/docker/README.md	Docker	Published	Data collection/Monitor Anything/Virtualized environments/Containers	203	Monitor Docker containers health metrics and data usage metrics.
https://github.com/netdata/go.d.plugin/edit/master/modules/docker_engine/README.md	Docker Engine	Published	Data collection/Monitor Anything/Virtualized environments/Containers	204	Monitor the health and performance of the Docker Engine runtime with zero configuration, per-second metric granularity, and interactive visualizations.
https://github.com/netdata/netdata/edit/master/collectors/xenstat.plugin/README.md	xenstat.plugin	Published	Data collection/Monitor Anything/Virtualized environments/Virtualize hosts	205	
https://github.com/netdata/go.d.plugin/edit/master/modules/supervisord/README.md	Supervisord	Published	Data collection/Monitor Anything/Virtualized environments/Virtualize hosts	206	Monitor the processes running by Supervisor with zero configuration, per-second metric granularity, and interactive visualizations.
https://github.com/netdata/go.d.plugin/edit/master/modules/vcsa/README.md	vCenter Server Appliance	Published	Data collection/Monitor Anything/Virtualized environments/Virtualize hosts	207	Monitor the health and performance of vCenter appliances with zero configuration, per-second metric granularity, and interactive visualizations.
https://github.com/netdata/go.d.plugin/edit/master/modules/vsphere/README.md	vCenter Servers	Published	Data collection/Monitor Anything/Virtualized environments/Virtualize hosts	208	Monitor the health and performance of vCenter servers with zero configuration, per-second metric granularity, and interactive visualizations.
https://github.com/netdata/netdata/edit/master/collectors/statsd.plugin/asterisk.md	Asterisk	Published	Data collection/Monitor Anything/VoIP	209	
https://github.com/netdata/netdata/edit/master/collectors/python.d.plugin/bind_rndc/README.md	ISC Bind	Published	Data collection/Monitor Anything/Webapps	210	
https://github.com/netdata/netdata/edit/master/collectors/python.d.plugin/dovecot/README.md	Dovecot	Published	Data collection/Monitor Anything/Webapps	211	
https://github.com/netdata/netdata/edit/master/collectors/python.d.plugin/exim/README.md	Exim	Published	Data collection/Monitor Anything/Webapps	212	
https://github.com/netdata/netdata/edit/master/collectors/python.d.plugin/haproxy/README.md	haproxy-python.d.plugin	Published	Data collection/Monitor Anything/Webapps	213	
https://github.com/netdata/netdata/edit/master/collectors/python.d.plugin/postfix/README.md	Postfix	Published	Data collection/Monitor Anything/Webapps	214	
https://github.com/netdata/netdata/edit/master/collectors/python.d.plugin/spigotmc/README.md	SpigotMC	Published	Data collection/Monitor Anything/Webapps	215	
https://github.com/netdata/netdata/edit/master/collectors/python.d.plugin/squid/README.md	Squid	Published	Data collection/Monitor Anything/Webapps	216	
https://github.com/netdata/netdata/edit/master/collectors/python.d.plugin/tomcat/README.md	Tomcat	Published	Data collection/Monitor Anything/Webapps	217	
https://github.com/netdata/netdata/edit/master/collectors/python.d.plugin/traefik/README.md	traefik-python.d.plugin	Published	Data collection/Monitor Anything/Webapps	218	
https://github.com/netdata/netdata/edit/master/collectors/python.d.plugin/uwsgi/README.md	uWSGI	Published	Data collection/Monitor Anything/Webapps	219	
https://github.com/netdata/netdata/edit/master/collectors/python.d.plugin/varnish/README.md	Varnish Cache	Published	Data collection/Monitor Anything/Webapps	220	
https://github.com/netdata/go.d.plugin/edit/master/modules/apache/README.md	Apache	Published	Data collection/Monitor Anything/Webapps	221	Monitor the health and performance of Apache web servers with zero configuration, per-second metric granularity, and interactive visualizations.
https://github.com/netdata/go.d.plugin/edit/master/modules/bind/README.md	Bind9	Published	Data collection/Monitor Anything/Webapps	222	Monitor the health and performance of Bind9 DNS servers with zero configuration, per-second metric granularity, and interactive visualizations.
https://github.com/netdata/go.d.plugin/edit/master/modules/consul/README.md	Consul	Published	Data collection/Monitor Anything/Webapps	223	Monitor the health and performance of Consul service meshes with zero configuration, per-second metric granularity, and interactive visualizations.
https://github.com/netdata/go.d.plugin/edit/master/modules/dockerhub/README.md	Docker Hub repositories	Published	Data collection/Monitor Anything/Webapps	224	Monitor the health and performance of Docker Hub repositories with zero configuration, per-second metric granularity, and interactive visualizations.
https://github.com/netdata/go.d.plugin/edit/master/modules/haproxy/README.md	haproxy-go.d.plugin (Recommended)	Published	Data collection/Monitor Anything/Webapps	225	Monitor the health and performance of HAProxy with zero configuration, per-second metric granularity, and interactive visualizations.
https://github.com/netdata/go.d.plugin/edit/master/modules/lighttpd/README.md	Lighttpd	Published	Data collection/Monitor Anything/Webapps	226	Monitor the health and performance of Lighttpd web servers with zero configuration, per-second metric granularity, and interactive visualizations.
https://github.com/netdata/go.d.plugin/edit/master/modules/lighttpd2/README.md	Lighttpd2	Published	Data collection/Monitor Anything/Webapps	227	Monitor the health and performance of Lighttpd2 web servers with zero configuration, per-second metric granularity, and interactive visualizations.
https://github.com/netdata/go.d.plugin/edit/master/modules/nginx/README.md	NGINX	Published	Data collection/Monitor Anything/Webapps	228	Monitor the health and performance of NGINX web servers with zero configuration, per-second metric granularity, and interactive visualizations.
https://github.com/netdata/go.d.plugin/edit/master/modules/nginxplus/README.md	NGINX Plus	Published	Data collection/Monitor Anything/Webapps	229	Monitor the health and performance of NGINX Plus web servers with zero configuration, per-second metric granularity, and interactive visualizations.
https://github.com/netdata/go.d.plugin/edit/master/modules/nginxvts/README.md	NGINX VTS	Published	Data collection/Monitor Anything/Webapps	230	
https://github.com/netdata/go.d.plugin/edit/master/modules/phpfpm/README.md	PHP-FPM	Published	Data collection/Monitor Anything/Webapps	231	Monitor the health and performance of PHP-FPM instances with zero configuration, per-second metric granularity, and interactive visualizations.
https://github.com/netdata/go.d.plugin/edit/master/modules/tengine/README.md	Tengine	Published	Data collection/Monitor Anything/Webapps	232	Monitor the health and performance of Tengine web servers with zero configuration, per-second metric granularity, and interactive visualizations.
https://github.com/netdata/go.d.plugin/edit/master/modules/traefik/README.md	traefik-go.d.plugin (Recommended)	Published	Data collection/Monitor Anything/Webapps	233	Monitor the health and performance of Traefik with zero configuration, per-second metric granularity, and interactive visualizations.
https://github.com/netdata/go.d.plugin/edit/master/modules/whoisquery/README.md	Whois domain expiry	Published	Data collection/Monitor Anything/Webapps	234	Monitor the health and performance of domain expiry with zero configuration, per-second metric granularity, and interactive visualizations.
https://github.com/netdata/go.d.plugin/edit/master/modules/x509check/README.md	x509 certificates	Published	Data collection/Monitor Anything/Webapps	235	Monitor the health and performance of x509 certificates with zero configuration, per-second metric granularity, and interactive visualizations.
https://github.com/netdata/netdata/edit/master/aclk/README.md	Agent-Cloud link (ACLK)	Published	Deployment in production	236	The Agent-Cloud link (ACLK) is the mechanism responsible for connecting a Netdata agent to Netdata Cloud.
https://github.com/netdata/netdata/edit/master/docs/export/external-databases.md	Exporting data	Published	Exporting data	237	Use the exporting engine to send Netdata metrics to popular external time series databases for long-term storage or further analysis.
https://github.com/netdata/netdata/edit/master/exporting/README.md	Exporting reference	Published	Exporting data	238	With the exporting engine, you can archive your Netdata metrics to multiple external databases for long-term storage or further analysis.
https://github.com/netdata/netdata/edit/master/docs/export/enable-connector.md	Enable an exporting connector	Published	Exporting data	239	Learn how to enable and configure any connector using examples to start exporting metrics to external time-series databases in minutes.
https://github.com/netdata/netdata/edit/master/exporting/prometheus/README.md	Prometheus	Published	Exporting data/Prometheus	240	Export Netdata metrics to Prometheus for archiving and further analysis.
https://github.com/netdata/netdata/edit/master/exporting/prometheus/remote_write/README.md	Prometheus remote write	Published	Exporting data/Prometheus	241	Send Netdata metrics to your choice of more than 20 external storage providers for long-term archiving and further analysis.
https://github.com/netdata/netdata/edit/master/exporting/WALKTHROUGH.md	User guide: Netdata, Prometheus, Grafana stack	Published	Exporting data/Prometheus	242	Using Netdata in conjunction with Prometheus and Grafana.
https://github.com/netdata/netdata-grafana-datasource-plugin/edit/master/README.md	Grafana data source plugin	Published	Exporting data	243	
https://github.com/netdata/netdata/edit/master/exporting/TIMESCALE.md	TimescaleDB	Published	Exporting data	244	Send Netdata metrics to TimescaleDB for long-term archiving and further analysis.
https://github.com/netdata/netdata/edit/master/exporting/aws_kinesis/README.md	AWS Kinesis data streams	Published	Exporting data	245	Archive your Agent's metrics to AWS Kinesis Data Streams for long-term storage, further analysis, or correlation with data from other sources.
https://github.com/netdata/netdata/edit/master/exporting/graphite/README.md	Graphite	Published	Exporting data	246	Archive your Agent's metrics to a any Graphite database provider for long-term storage, further analysis, or correlation with data from other sources.
https://github.com/netdata/netdata/edit/master/exporting/json/README.md	JSON document databases	Published	Exporting data	247	Archive your Agent's metrics to a JSON document database for long-term storage, further analysis, or correlation with data from other sources.
https://github.com/netdata/netdata/edit/master/exporting/mongodb/README.md	MongoDB	Published	Exporting data	248	Archive your Agent's metrics to a MongoDB database for long-term storage, further analysis, or correlation with data from other sources.
https://github.com/netdata/netdata/edit/master/exporting/opentsdb/README.md	OpenTSDB	Published	Exporting data	249	Archive your Agent's metrics to an OpenTSDB database for long-term storage and further analysis.
https://github.com/netdata/netdata/edit/master/exporting/pubsub/README.md	Google Cloud pub/sub service	Published	Exporting data	250	Export Netdata metrics to the Google Cloud Pub/Sub Service for long-term archiving or analytical processing.
https://github.com/netdata/netdata/edit/master/web/api/queries/README.md	REST API for database queries	Published	Exporting data	251	
https://github.com/netdata/netdata/edit/master/web/gui/confluence/README.md	Atlassian Confluence dashboards	Published	Exporting data	252	
https://github.com/netdata/netdata/edit/master/web/api/exporters/shell/README.md	Shell exporter	Published	Exporting data	253	
https://github.com/netdata/netdata/edit/master/health/README.md	Alerts and notifications	Published	Alerts and notifications	254	
https://github.com/netdata/netdata/edit/master/docs/monitor/enable-notifications.md	Notifications	Published	Alerts and notifications/Notifications	255	Send Netdata alarms from a centralized place with Netdata Cloud, or configure nodes individually, to enable incident response and faster resolution.
https://github.com/netdata/netdata/edit/master/docs/cloud/alerts-notifications/notifications.md	Cloud alert notifications	Published	Alerts and notifications/Notifications/Cloud alert notifications	256	Configure Netdata Cloud to send notifications to your team whenever any node on your infrastructure triggers an alert threshold.
https://github.com/netdata/netdata/edit/master/docs/cloud/alerts-notifications/manage-notification-methods.md	Manage notification methods	Published	Alerts and notifications/Notifications/Cloud alert notifications	257	Instructions on how to manage notification methods
https://github.com/netdata/netdata/edit/master/docs/cloud/alerts-notifications/add-discord-notification.md	Add Discord notification configuration	Published	Alerts and notifications/Notifications/Cloud alert notifications	258	Instructions on how to add notification configuration for Discord
https://github.com/netdata/netdata/edit/master/docs/cloud/alerts-notifications/add-pagerduty-notification-configuration.md	Add PagerDuty notification configuration	Published	Alerts and notifications/Notifications/Cloud alert notifications	259	Instructions on how to add notification configuration for PagerDuty
https://github.com/netdata/netdata/edit/master/docs/cloud/alerts-notifications/add-slack-notification-configuration.md	Add Slack notification configuration	Published	Alerts and notifications/Notifications/Cloud alert notifications	260	Instructions on how to add notification configuration for Slack
https://github.com/netdata/netdata/edit/master/docs/cloud/alerts-notifications/add-webhook-notification-configuration.md	Add webhook notification configuration	Published	Alerts and notifications/Notifications/Cloud alert notifications	261	Instructions on how to add notification configuration for webhook
https://github.com/netdata/netdata/edit/master/health/notifications/README.md	Agent alert notifications	Published	Alerts and notifications/Notifications/Agent alert notifications	262	Reference documentation for Netdata's alarm notification feature, which supports dozens of endpoints, user roles, and more.
https://github.com/netdata/netdata/edit/master/health/notifications/alerta/README.md	Alerta	Published	Alerts and notifications/Notifications/Agent alert notifications	263	Send alarm notifications to Alerta to see the latest health status updates from multiple nodes in a single interface.
https://github.com/netdata/netdata/edit/master/health/notifications/awssns/README.md	Amazon SNS	Published	Alerts and notifications/Notifications/Agent alert notifications	264	hello
https://github.com/netdata/netdata/edit/master/health/notifications/custom/README.md	Custom endpoint	Published	Alerts and notifications/Notifications/Agent alert notifications	265	
https://github.com/netdata/netdata/edit/master/health/notifications/discord/README.md	Discord	Published	Alerts and notifications/Notifications/Agent alert notifications	266	
https://github.com/netdata/netdata/edit/master/health/notifications/dynatrace/README.md	Dynatrace Events	Published	Alerts and notifications/Notifications/Agent alert notifications	267	
https://github.com/netdata/netdata/edit/master/health/notifications/email/README.md	Email	Published	Alerts and notifications/Notifications/Agent alert notifications	268	
https://github.com/netdata/netdata/edit/master/health/notifications/flock/README.md	Flock	Published	Alerts and notifications/Notifications/Agent alert notifications	269	
https://github.com/netdata/netdata/edit/master/health/notifications/gotify/README.md	Gotify	Published	Alerts and notifications/Notifications/Agent alert notifications	270	Send alerts to your Gotify instance when an alert gets triggered in Netdata.
https://github.com/netdata/netdata/edit/master/health/notifications/hangouts/README.md	Google Hangouts	Published	Alerts and notifications/Notifications/Agent alert notifications	271	Send alerts to Send notifications to Google Hangouts any time an anomaly or performance issue strikes a node in your infrastructure.
https://github.com/netdata/netdata/edit/master/health/notifications/irc/README.md	IRC	Published	Alerts and notifications/Notifications/Agent alert notifications	272	
https://github.com/netdata/netdata/edit/master/health/notifications/kavenegar/README.md	Kavenegar	Published	Alerts and notifications/Notifications/Agent alert notifications	273	
https://github.com/netdata/netdata/edit/master/health/notifications/matrix/README.md	Matrix	Published	Alerts and notifications/Notifications/Agent alert notifications	274	Stay aware of warning or critical anomalies by sending health alarms to Matrix network rooms with Netdata's health monitoring watchdog.
https://github.com/netdata/netdata/edit/master/health/notifications/messagebird/README.md	Messagebird	Published	Alerts and notifications/Notifications/Agent alert notifications	275	
https://github.com/netdata/netdata/edit/master/health/notifications/msteams/README.md	Microsoft Teams	Published	Alerts and notifications/Notifications/Agent alert notifications	276	
https://github.com/netdata/netdata/edit/master/health/notifications/opsgenie/README.md	Opsgenie	Published	Alerts and notifications/Notifications/Agent alert notifications	277	Send alerts to your Opsgenie incident response account any time an anomaly or performance issue strikes a node in your infrastructure.
https://github.com/netdata/netdata/edit/master/health/notifications/pagerduty/README.md	PagerDuty	Published	Alerts and notifications/Notifications/Agent alert notifications	278	Send alerts to your PagerDuty dashboard any time an anomaly or performance issue strikes a node in your infrastructure.
https://github.com/netdata/netdata/edit/master/health/notifications/prowl/README.md	Prowl	Published	Alerts and notifications/Notifications/Agent alert notifications	279	
https://github.com/netdata/netdata/edit/master/health/notifications/pushbullet/README.md	PushBullet	Published	Alerts and notifications/Notifications/Agent alert notifications	280	
https://github.com/netdata/netdata/edit/master/health/notifications/pushover/README.md	PushOver	Published	Alerts and notifications/Notifications/Agent alert notifications	281	
https://github.com/netdata/netdata/edit/master/health/notifications/rocketchat/README.md	Rocket Chat	Published	Alerts and notifications/Notifications/Agent alert notifications	282	
https://github.com/netdata/netdata/edit/master/health/notifications/slack/README.md	Slack	Published	Alerts and notifications/Notifications/Agent alert notifications	283	
https://github.com/netdata/netdata/edit/master/health/notifications/smstools3/README.md	SMS server	Published	Alerts and notifications/Notifications/Agent alert notifications	284	
https://github.com/netdata/netdata/edit/master/health/notifications/stackpulse/README.md	StackPulse	Published	Alerts and notifications/Notifications/Agent alert notifications	285	Send alerts to your StackPulse Netdata integration any time an anomaly or performance issue strikes a node in your infrastructure.
https://github.com/netdata/netdata/edit/master/health/notifications/syslog/README.md	Syslog	Published	Alerts and notifications/Notifications/Agent alert notifications	286	
https://github.com/netdata/netdata/edit/master/health/notifications/telegram/README.md	Telegram	Published	Alerts and notifications/Notifications/Agent alert notifications	287	
https://github.com/netdata/netdata/edit/master/health/notifications/twilio/README.md	Twilio	Published	Alerts and notifications/Notifications/Agent alert notifications	288	
https://github.com/netdata/netdata/edit/master/health/notifications/web/README.md	Browser pop ups	Published	Alerts and notifications/Notifications/Agent alert notifications	289	
https://github.com/netdata/netdata/edit/master/health/REFERENCE.md	Configure alerts	Published	Alerts and notifications	290	
https://github.com/netdata/netdata/edit/master/web/api/health/README.md	Health API Calls	Published	Alerts and notifications	291	
https://github.com/netdata/netdata/edit/master/docs/category-overview-pages/visualizations-overview.md	Visualizations	Published	Visualizations	292	
https://github.com/netdata/netdata/edit/master/docs/visualize/overview-infrastructure.md	Infrastructure Overview	Published	Visualizations/Cloud visualizations	293	With Netdata Cloud's War Rooms, you can see real-time metrics, from any number of nodes in your infrastructure, in composite charts.
https://github.com/netdata/netdata/edit/master/docs/cloud/visualize/dashboards.md	Build new dashboards	Published	Visualizations/Cloud visualizations	294	Design new dashboards that target your infrastructure's unique needs and share them with your team fortargeted visual anomaly detection or incident response.
https://github.com/netdata/netdata/edit/master/docs/cloud/visualize/kubernetes.md	Kubernetes visualizations	Published	Visualizations/Cloud visualizations	295	Netdata Cloud features rich, zero-configuration Kubernetes monitoring for the resource utilization and application metrics of Kubernetes (k8s) clusters.
https://github.com/netdata/netdata/edit/master/docs/cloud/visualize/nodes.md	Nodes view	Published	Visualizations/Cloud visualizations	296	See charts from all your nodes in one pane of glass, then dive in to embedded dashboards for granular troubleshooting of ongoing issues.
https://github.com/netdata/netdata/edit/master/web/gui/README.md	Agent dashboard	Published	Visualizations/Agent dashboard	297	The local Netdata Agent dashboard is the heart of health monitoring and performance troubleshooting, with hundreds of real-time charts.
https://github.com/netdata/netdata/edit/master/docs/dashboard/customize.md	Customize the standard dashboard	Published	Visualizations/Agent dashboard	298	Netdata's preconfigured dashboard offers many customization options, such as choosing when charts are updated, your preferred theme, and custom text to document processes, and more.
https://github.com/netdata/netdata/edit/master/docs/dashboard/import-export-print-snapshot.md	Import, export, and print a snapshot	Published	Visualizations/Agent dashboard	299	Snapshots can be incredibly useful for diagnosing anomalies after they've already happened, and are interoperable with any other node running Netdata.
https://github.com/netdata/netdata/edit/master/web/gui/custom/README.md	Custom dashboards	Published	Visualizations/Agent dashboard	300	Build custom dashboards with key metrics from one or more nodes running the Netdata Agent and host them anywhere.
https://github.com/netdata/netdata/edit/master/docs/category-overview-pages/troubleshooting-overview.md	Troubleshooting and machine learning	Published	Troubleshooting and machine learning	301	
https://github.com/netdata/netdata/edit/master/ml/README.md	Configure machine learning (ML) powered anomaly detection	Published	Troubleshooting and machine learning	302	This is an in-depth look at how Netdata uses ML to detect anomalies.
https://github.com/netdata/netdata/edit/master/docs/cloud/insights/anomaly-advisor.md	Anomaly Advisor	Published	Troubleshooting and machine learning	303	Quickly find anomalous metrics anywhere in your infrastructure.
https://github.com/netdata/netdata/edit/master/docs/cloud/insights/metric-correlations.md	Metric Correlations	Published	Troubleshooting and machine learning	304	Quickly find metrics and charts closely related to a particular timeframe of interest anywhere in your infrastructure to discover the root cause faster.
https://github.com/netdata/netdata/edit/master/docs/cloud/runtime-troubleshooting-with-functions.md	Run-time troubleshooting with Functions	Published	Troubleshooting and machine learning	305	Instructions on how to use Functions
https://github.com/netdata/netdata/edit/master/docs/cloud/netdata-functions.md	Functions	Published	Troubleshooting and machine learning	306	Present the Netdata Functions what these are and why they should be used.
https://github.com/netdata/netdata/edit/master/docs/cloud/insights/events-feed.md	Events feed	Published	Troubleshooting and machine learning	307	Present the Netdata Events feed.
https://github.com/netdata/.github/edit/main/CONTRIBUTING.md	Improving Netdata - developers	Published	Improving Netdata - developers	309	
https://github.com/netdata/netdata/edit/master/docs/guidelines.md	Contribute to the documentation	Published	Improving Netdata - developers/Contribute to the documentation	310	
https://github.com/netdata/netdata/edit/master/docs/contributing/style-guide.md	Netdata style guide	Published	Improving Netdata - developers/Contribute to the documentation	311	The Netdata style guide establishes editorial guidelines for all of Netdata's writing, including documentation, blog posts, in-product UX copy, and more.
https://github.com/netdata/.github/edit/main/CODE_OF_CONDUCT.md	Community code of conduct	Published	Improving Netdata - developers	312	
https://github.com/netdata/netdata/edit/master/web/api/README.md	Agent API	Published	Improving Netdata - developers	313	
https://github.com/netdata/netdata/edit/master/collectors/plugins.d/README.md	External plugins	Published	Improving Netdata - developers/External plugins	314	
https://github.com/netdata/go.d.plugin/edit/master/docs/how-to-write-a-module.md	How to write a Netdata collector in Go	Published	Improving Netdata - developers/External plugins/go.d.plugin	315	This guide will walk you through the technical implementation of writing a new Netdata collector in Golang, with tips on interfaces, structure, configuration files, and more.
https://github.com/netdata/go.d.plugin/edit/master/README.md	go.d.plugin	Published	Improving Netdata - developers/External plugins/go.d.plugin	316	go.d.plugin is an external plugin for Netdata, responsible for running individual data collectors written in Go.
https://github.com/netdata/go.d.plugin/edit/master/pkg/README.md	Helper packages	Published	Improving Netdata - developers/External plugins/go.d.plugin/Helper Packages	317	
https://github.com/netdata/go.d.plugin/edit/master/pkg/iprange/README.md	iprange	Published	Improving Netdata - developers/External plugins/go.d.plugin/Helper Packages	318	
https://github.com/netdata/go.d.plugin/edit/master/pkg/matcher/README.md	matcher	Published	Improving Netdata - developers/External plugins/go.d.plugin/Helper Packages	319	
https://github.com/netdata/go.d.plugin/edit/master/pkg/prometheus/selector/README.md	Time series selector	Published	Improving Netdata - developers/External plugins/go.d.plugin/Helper Packages	320	
https://github.com/netdata/go.d.plugin/edit/master/pkg/stm/README.md	stm	Published	Improving Netdata - developers/External plugins/go.d.plugin/Helper Packages	321	
https://github.com/netdata/go.d.plugin/edit/master/pkg/tlscfg/README.md	tlscfg	Published	Improving Netdata - developers/External plugins/go.d.plugin/Helper Packages	322	
https://github.com/netdata/go.d.plugin/edit/master/pkg/web/README.md	web	Published	Improving Netdata - developers/External plugins/go.d.plugin/Helper Packages	323	
https://github.com/netdata/netdata/edit/master/collectors/python.d.plugin/README.md	python.d.plugin	Published	Improving Netdata - developers/External plugins/python.d.plugin	324	
https://github.com/netdata/netdata/edit/master/docs/guides/python-collector.md	Develop a custom data collector in Python	Published	Improving Netdata - developers/External plugins/python.d.plugin	325	Learn how write a custom data collector in Python, which you'll use to collect metrics from and monitor any application that isn't supported out of the box.
https://github.com/netdata/netdata/edit/master/collectors/charts.d.plugin/README.md	charts.d.plugin	Published	Improving Netdata - developers/External plugins	326	
https://github.com/netdata/netdata/edit/master/web/README.md	Dashboards	Published	Improving Netdata - developers/Web	327	Every Netdata Agent comes bundled with hundreds of interactive, customizable charts designed by monitoring and troubleshooting experts.
https://github.com/netdata/netdata/edit/master/web/api/formatters/README.md	Query formatting	Published	Improving Netdata - developers/Web/Api/Formatters	328	
https://github.com/netdata/netdata/edit/master/web/api/formatters/csv/README.md	CSV formatter	Published	Improving Netdata - developers/Web/Api/Formatters	329	
https://github.com/netdata/netdata/edit/master/web/api/formatters/json/README.md	JSON formatter	Published	Improving Netdata - developers/Web/Api/Formatters	330	
https://github.com/netdata/netdata/edit/master/web/api/formatters/ssv/README.md	SSV formatter	Published	Improving Netdata - developers/Web/Api/Formatters	331	
https://github.com/netdata/netdata/edit/master/web/api/formatters/value/README.md	Value formatter	Published	Improving Netdata - developers/Web/Api/Formatters	332	
https://github.com/netdata/netdata/edit/master/web/api/queries/average/README.md	Average or Mean	Published	Improving Netdata - developers/Web/Api/Queries	333	
https://github.com/netdata/netdata/edit/master/web/api/queries/countif/README.md	CountIf	Published	Improving Netdata - developers/Web/Api/Queries	334	
https://github.com/netdata/netdata/edit/master/web/api/queries/des/README.md	Double exponential smoothing	Published	Improving Netdata - developers/Web/Api/Queries	335	
https://github.com/netdata/netdata/edit/master/web/api/queries/incremental_sum/README.md	Incremental Sum (`incremental_sum`)	Published	Improving Netdata - developers/Web/Api/Queries	336	
https://github.com/netdata/netdata/edit/master/web/api/queries/max/README.md	Max	Published	Improving Netdata - developers/Web/Api/Queries	337	
https://github.com/netdata/netdata/edit/master/web/api/queries/median/README.md	Median	Published	Improving Netdata - developers/Web/Api/Queries	338	Use median in API queries and health entities to find the 'middle' value from a sample, eliminating any unwanted spikes in the returned metrics.
https://github.com/netdata/netdata/edit/master/web/api/queries/min/README.md	Min	Published	Improving Netdata - developers/Web/Api/Queries	339	
https://github.com/netdata/netdata/edit/master/web/api/queries/percentile/README.md	Percentile	Published	Improving Netdata - developers/Web/Api/Queries	340	Use percentile in API queries and health entities to find the 'percentile' value from a sample, eliminating any unwanted spikes in the returned metrics.
https://github.com/netdata/netdata/edit/master/web/api/queries/ses/README.md	Single (or Simple) Exponential Smoothing (`ses`)	Published	Improving Netdata - developers/Web/Api/Queries	341	
https://github.com/netdata/netdata/edit/master/web/api/queries/stddev/README.md	standard deviation (`stddev`)	Published	Improving Netdata - developers/Web/Api/Queries	342	
https://github.com/netdata/netdata/edit/master/web/api/queries/sum/README.md	Sum	Published	Improving Netdata - developers/Web/Api/Queries	343	
https://github.com/netdata/netdata/edit/master/web/api/queries/trimmed_mean/README.md	Trimmed Mean	Published	Improving Netdata - developers/Web/Api/Queries	344	Use trimmed-mean in API queries and health entities to find the average value from a sample, eliminating any unwanted spikes in the returned metrics.
https://github.com/netdata/netdata/edit/master/web/api/badges/README.md	Netdata badges	Published	Improving Netdata - developers/Web/Api	345	
https://github.com/netdata/netdata/edit/master/web/server/static/README.md	`static-threaded` web server	Published	Improving Netdata - developers/Web	346	The Netdata Agent's static-threaded web server spawns a fixed number of threads that listen to web requests and uses non-blocking I/O.
https://github.com/netdata/netdata/edit/master/libnetdata/README.md	libnetdata	Published	Improving Netdata - developers/libnetdata	347	
https://github.com/netdata/netdata/edit/master/libnetdata/adaptive_resortable_list/README.md	Adaptive re-sortable list (ARL)	Published	Improving Netdata - developers/libnetdata	348	
https://github.com/netdata/netdata/edit/master/libnetdata/aral/README.md	Array allocator	Published	Improving Netdata - developers/libnetdata	349	
https://github.com/netdata/netdata/edit/master/libnetdata/avl/README.md	AVL	Published	Improving Netdata - developers/libnetdata	350	
https://github.com/netdata/netdata/edit/master/libnetdata/buffer/README.md	BUFFER library	Published	Improving Netdata - developers/libnetdata	351	
https://github.com/netdata/netdata/edit/master/libnetdata/circular_buffer/README.md	Circular Buffer	Published	Improving Netdata - developers/libnetdata	352	
https://github.com/netdata/netdata/edit/master/libnetdata/clocks/README.md	Clocks	Published	Improving Netdata - developers/libnetdata	353	
https://github.com/netdata/netdata/edit/master/libnetdata/config/README.md	Netdata ini config files	Published	Improving Netdata - developers/libnetdata	354	
https://github.com/netdata/netdata/edit/master/libnetdata/ebpf/README.md	eBPF	Published	Improving Netdata - developers/libnetdata	355	
https://github.com/netdata/netdata/edit/master/libnetdata/json/README.md	json	Published	Improving Netdata - developers/libnetdata	356	
https://github.com/netdata/netdata/edit/master/libnetdata/locks/README.md	Locks	Published	Improving Netdata - developers/libnetdata	357	
https://github.com/netdata/netdata/edit/master/libnetdata/log/README.md	Log	Published	Improving Netdata - developers/libnetdata	358	
https://github.com/netdata/netdata/edit/master/libnetdata/onewayalloc/README.md	One way allocator	Published	Improving Netdata - developers/libnetdata	359	
https://github.com/netdata/netdata/edit/master/libnetdata/popen/README.md	popen	Published	Improving Netdata - developers/libnetdata	360	
https://github.com/netdata/netdata/edit/master/libnetdata/parser/README.md	parser	Published	Improving Netdata - developers/libnetdata	361	
https://github.com/netdata/netdata/edit/master/libnetdata/procfile/README.md	procfile	Published	Improving Netdata - developers/libnetdata	362	
https://github.com/netdata/netdata/edit/master/libnetdata/simple_pattern/README.md	Simple patterns	Published	Improving Netdata - developers/libnetdata	363	Netdata supports simple patterns, which are less cryptic versions of regular expressions. Use familiar notation for powerful results.
https://github.com/netdata/netdata/edit/master/libnetdata/statistical/README.md	Statistical functions	Published	Improving Netdata - developers/libnetdata	364	
https://github.com/netdata/netdata/edit/master/libnetdata/storage_number/README.md	Storage number	Published	Improving Netdata - developers/libnetdata	365	
https://github.com/netdata/netdata/edit/master/libnetdata/string/README.md	String	Published	Improving Netdata - developers/libnetdata	366	
https://github.com/netdata/netdata/edit/master/libnetdata/threads/README.md	Threads	Published	Improving Netdata - developers/libnetdata	367	
https://github.com/netdata/netdata/edit/master/libnetdata/url/README.md	URL	Published	Improving Netdata - developers/libnetdata	368	
https://github.com/netdata/netdata/edit/master/libnetdata/worker_utilization/README.md	Worker Utilization	Published	Improving Netdata - developers/libnetdata	369	
https://github.com/netdata/netdata/edit/master/libnetdata/dictionary/README.md	Dictionaries	Published	Improving Netdata - developers/libnetdata	370	
https://github.com/netdata/netdata/edit/master/libnetdata/july/README.md	July interface	Published	Improving Netdata - developers/libnetdata	371	
https://github.com/netdata/netdata/edit/master/libnetdata/socket/README.md	Socket	Published	Improving Netdata - developers/libnetdata	372	
https://github.com/netdata/netdata/edit/master/REDISTRIBUTED.md	Redistributed Software	Published	Improving Netdata - developers	373	
https://github.com/netdata/netdata/edit/master/tests/health_mgmtapi/README.md	Health command API tester	Published	Improving Netdata - developers	374	
https://github.com/netdata/netdata/edit/master/docs/category-overview-pages/misc-overview.md	Miscellaneous	Published	Miscellaneous	375	Available integrations in Netdata
https://github.com/netdata/netdata/edit/master/docs/netdata-for-IoT.md	Netdata for IoT	Published	Miscellaneous	376	
https://github.com/netdata/netdata/edit/master/docs/guides/collect-apache-nginx-web-logs.md	Monitor Nginx or Apache web server log files with Netdata	Published	Miscellaneous	377	
https://github.com/netdata/netdata/edit/master/docs/guides/collect-unbound-metrics.md	Monitor Unbound DNS servers with Netdata	Published	Miscellaneous	378	
https://github.com/netdata/netdata/edit/master/docs/guides/monitor-cockroachdb.md	Monitor CockroachDB metrics with Netdata	Published	Miscellaneous	379	
https://github.com/netdata/netdata/edit/master/docs/guides/monitor-hadoop-cluster.md	Monitor a Hadoop cluster with Netdata	Published	Miscellaneous	380	
https://github.com/netdata/netdata/edit/master/docs/guides/monitor/kubernetes-k8s-netdata.md	Kubernetes monitoring with Netdata: Overview and visualizations	Published	Miscellaneous	381	Learn how to navigate Netdata's Kubernetes monitoring features for visualizing the health and performance of a Kubernetes cluster with per-second granularity.
https://github.com/netdata/netdata/edit/master/docs/guides/monitor/lamp-stack.md	LAMP stack monitoring (Linux, Apache, MySQL, PHP) with Netdata	Published	Miscellaneous	382	Set up robust LAMP stack monitoring (Linux, Apache, MySQL, PHP) in just a few minutes using a free, open-source monitoring tool that collects metrics every second.
https://github.com/netdata/netdata/edit/master/docs/guides/monitor/pi-hole-raspberry-pi.md	Monitor Pi-hole (and a Raspberry Pi) with Netdata	Published	Miscellaneous	383	Monitor Pi-hole metrics, plus Raspberry Pi system metrics, in minutes and completely for free with Netdata's open-source monitoring agent.
https://github.com/netdata/netdata/edit/master/docs/guides/monitor/raspberry-pi-anomaly-detection.md	Unsupervised anomaly detection for Raspberry Pi monitoring	Published	Miscellaneous	384	Use a low-overhead machine learning algorithm and an open-source monitoring tool to detect anomalous metrics on a Raspberry Pi.
https://github.com/netdata/.github/edit/main/SECURITY.md	Security Policy	Published	Miscellaneous	385	The Netdata team maintains and adheres to a formal process any time a member of the community reports a security vulnerability.
https://github.com/netdata/netdata/edit/master/docs/guides/troubleshoot/monitor-debug-applications-ebpf.md	Monitor, troubleshoot, and debug applications with eBPF metrics	Published	Miscellaneous	386	Use Netdata's built-in eBPF metrics collector to monitor, troubleshoot, and debug your custom application using low-level kernel feedback.
https://github.com/netdata/netdata/edit/master/docs/guides/monitor/process.md	Monitor any process in real-time with Netdata	Published	Miscellaneous	387	Tap into Netdata's powerful collectors, with per-second utilization metrics for every process, to troubleshoot faster and make data-informed decisions.
https://github.com/netdata/go.d.plugin/edit/master/modules/dnsmasq/dev.md		Unpublished		388	
https://github.com/netdata/go.d.plugin/edit/master/modules/powerdns/dev.md		Unpublished		389	
https://github.com/netdata/go.d.plugin/edit/master/modules/nginxvts/dev.md		Unpublished		390	
https://github.com/netdata/go.d.plugin/edit/master/modules/dnsdist/dev.md		Unpublished		391	
https://github.com/netdata/go.d.plugin/edit/master/modules/pika/dev.md		Unpublished		392	
https://github.com/netdata/go.d.plugin/edit/master/modules/couchbase/dev.md		Unpublished		393	
https://github.com/netdata/go.d.plugin/edit/master/modules/redis/dev.md		Unpublished		394	
https://github.com/netdata/go.d.plugin/edit/master/modules/powerdns_recursor/dev.md		Unpublished		395	
https://github.com/netdata/go.d.plugin/edit/master/modules/coredns/dev.md		Unpublished		396	
https://github.com/netdata/go.d.plugin/edit/master/modules/supervisord/dev.md		Unpublished		397	
https://github.com/netdata/go.d.plugin/edit/master/modules/mongodb/dev.md		Unpublished		398	
https://github.com/netdata/go.d.plugin/edit/master/modules/mysql/dev.md		Unpublished		399	
https://github.com/netdata/go.d.plugin/edit/master/modules/energid/dev.md		Unpublished		400	
https://github.com/netdata/go.d.plugin/edit/master/modules/cassandra/dev.md		Unpublished		401	
https://github.com/netdata/netdata/edit/master/HISTORICAL_CHANGELOG.md		Unpublished		402	
https://github.com/netdata/netdata/edit/master/README.md		Unpublished		403	
https://github.com/netdata/netdata/edit/master/CHANGELOG.md		Unpublished		404	
https://github.com/netdata/netdata/edit/master/contribution-guidelines.md		Unpublished		405	
https://github.com/netdata/netdata/edit/master/libnetdata/eval/README.md		Unpublished		406	
https://github.com/netdata/netdata/edit/master/ml/notebooks/README.md		Unpublished		407	
https://github.com/netdata/netdata/edit/master/database/engine/metadata_log/README.md		Unpublished		408	
https://github.com/netdata/netdata/edit/master/tests/ebpf/README.md		Unpublished		409	
https://github.com/netdata/netdata/edit/master/web/gui/dashboard/README.md		Unpublished		410	
https://github.com/netdata/netdata/edit/master/spawn/README.md		Unpublished		411	
https://github.com/netdata/netdata-grafana-datasource-plugin/edit/master/CHANGELOG.md		Unpublished		412	
https://github.com/netdata/.github/edit/main/SUPPORT.md		Unpublished		413	
https://github.com/netdata/.github/edit/main/README.md		Unpublished		414	
https://github.com/netdata/netdata/edit/master/docs/category-overview-pages/concepts-overview.md		Unpublished		415	File deleted
https://github.com/netdata/helmchart/edit/master/README.md		Unpublished		416	
https://github.com/netdata/netdata/edit/master/docs/visualize/interact-dashboards-charts.md		Unpublished		417	
https://github.com/netdata/netdata/edit/master/docs/category-overview-pages/operations-overview.md		Unpublished		418	File deleted
https://github.com/netdata/netdata/edit/master/collectors/checks.plugin/README.md		Unpublished		419	
https://github.com/netdata/netdata/edit/master/web/api/exporters/README.md		Unpublished		420	
https://github.com/netdata/netdata/edit/master/database/ram/README.md		Unpublished		421	
https://github.com/netdata/netdata/edit/master/web/api/exporters/prometheus/README.md		Unpublished		422	
https://github.com/netdata/go.d.plugin/edit/master/agent/README.md		Unpublished		423	
https://github.com/netdata/netdata/edit/master/docs/visualize/create-dashboards.md		Unpublished		424	File deleted
https://github.com/netdata/netdata/edit/master/docs/dashboard/how-dashboard-works.md		Unpublished		425	File deleted
https://github.com/netdata/netdata/edit/master/docs/category-overview-pages/developers-overview.md		Unpublished		426	
https://github.com/netdata/netdata/edit/master/docs/metrics-storage-management/reference-streaming.md		Unpublished		427	File deleted
https://github.com/netdata/netdata/edit/master/docs/category-overview-pages/integrations-overview.md		Unpublished		428	
https://github.com/netdata/netdata/edit/master/database/contexts/README.md		Unpublished		429	
https://github.com/netdata/netdata/edit/master/docs/guides/monitor/anomaly-detection.md		Unpublished			
