custom_edit_url	learn_path
https://github.com/netdata/go.d.plugin/edit/master/README.md	/docs/improving-netdata---developers/external-plugins/go.d.plugin
https://github.com/netdata/go.d.plugin/edit/master/pkg/README.md	/docs/improving-netdata---developers/external-plugins/go.d.plugin/helper-packages
https://github.com/netdata/go.d.plugin/edit/master/pkg/stm/README.md	/docs/improving-netdata---developers/external-plugins/go.d.plugin/helper-packages/stm
https://github.com/netdata/go.d.plugin/edit/master/pkg/prometheus/selector/README.md	/docs/improving-netdata---developers/external-plugins/go.d.plugin/helper-packages/time-series-selector
https://github.com/netdata/go.d.plugin/edit/master/pkg/tlscfg/README.md	/docs/improving-netdata---developers/external-plugins/go.d.plugin/helper-packages/tlscfg
https://github.com/netdata/go.d.plugin/edit/master/pkg/web/README.md	/docs/improving-netdata---developers/external-plugins/go.d.plugin/helper-packages/web
https://github.com/netdata/go.d.plugin/edit/master/pkg/iprange/README.md	/docs/improving-netdata---developers/external-plugins/go.d.plugin/helper-packages/iprange
https://github.com/netdata/go.d.plugin/edit/master/pkg/matcher/README.md	/docs/improving-netdata---developers/external-plugins/go.d.plugin/helper-packages/matcher
https://github.com/netdata/go.d.plugin/edit/master/modules/vsphere/README.md	/docs/data-collection/monitor-anything/Virtualized%20Environments/vCenter-Servers
https://github.com/netdata/go.d.plugin/edit/master/modules/bind/README.md	/docs/data-collection/monitor-anything/Dns/Bind9
https://github.com/netdata/go.d.plugin/edit/master/modules/nginxplus/README.md	/docs/data-collection/monitor-anything/Web%20Servers/NGINX-Plus
https://github.com/netdata/go.d.plugin/edit/master/modules/pihole/README.md	/docs/data-collection/monitor-anything/Applications/Pi-hole
https://github.com/netdata/go.d.plugin/edit/master/modules/powerdns_recursor/README.md	/docs/data-collection/monitor-anything/Dns/PowerDNS-Recursor
https://github.com/netdata/go.d.plugin/edit/master/modules/docker_engine/README.md	/docs/data-collection/monitor-anything/Virtualized%20Environments/Docker-Engine
https://github.com/netdata/go.d.plugin/edit/master/modules/openvpn_status_log/README.md	/docs/data-collection/monitor-anything/Networking/OpenVPN-StatusLog
https://github.com/netdata/go.d.plugin/edit/master/modules/unbound/README.md	/docs/data-collection/monitor-anything/Dns/Unbound
https://github.com/netdata/go.d.plugin/edit/master/modules/energid/README.md	/docs/data-collection/monitor-anything/Blockchain/Energi-Core-Wallet
https://github.com/netdata/go.d.plugin/edit/master/modules/couchbase/README.md	/docs/data-collection/monitor-anything/Databases/Couchbase
https://github.com/netdata/go.d.plugin/edit/master/modules/nvidia_smi/README.md	/docs/data-collection/monitor-anything/Hardware/NVIDIA
https://github.com/netdata/go.d.plugin/edit/master/modules/windows/README.md	/docs/data-collection/monitor-anything/System%20Metrics/Windows-machines
https://github.com/netdata/go.d.plugin/edit/master/modules/portcheck/README.md	/docs/data-collection/monitor-anything/Networking/TCP-endpoints
https://github.com/netdata/go.d.plugin/edit/master/modules/pgbouncer/README.md	/docs/data-collection/monitor-anything/Databases/PgBouncer
https://github.com/netdata/go.d.plugin/edit/master/modules/prometheus/README.md	/docs/data-collection/monitor-anything/Any%20Application%20-%20Generic%20Collectors/Prometheus-endpoints
https://github.com/netdata/go.d.plugin/edit/master/modules/dnsmasq_dhcp/README.md	/docs/data-collection/monitor-anything/Dns/Dnsmasq-DHCP
https://github.com/netdata/go.d.plugin/edit/master/modules/geth/README.md	/docs/data-collection/monitor-anything/Blockchain/Go-ethereum
https://github.com/netdata/go.d.plugin/edit/master/modules/k8s_state/README.md	/docs/data-collection/monitor-anything/Virtualized%20Environments/Kubernetes-cluster-state
https://github.com/netdata/go.d.plugin/edit/master/modules/tengine/README.md	/docs/data-collection/monitor-anything/Web%20Servers/Tengine
https://github.com/netdata/go.d.plugin/edit/master/modules/chrony/README.md	/docs/data-collection/monitor-anything/Applications/Chrony
https://github.com/netdata/go.d.plugin/edit/master/modules/scaleio/README.md	/docs/data-collection/monitor-anything/Storage/ScaleIO
https://github.com/netdata/go.d.plugin/edit/master/modules/springboot2/README.md	/docs/data-collection/monitor-anything/Any%20Application%20-%20Generic%20Collectors/Java-Spring-Boot-2-applications
https://github.com/netdata/go.d.plugin/edit/master/modules/nvme/README.md	/docs/data-collection/monitor-anything/Storage/NVMe-devices
https://github.com/netdata/go.d.plugin/edit/master/modules/postgres/README.md	/docs/data-collection/monitor-anything/Databases/PostgresSQL
https://github.com/netdata/go.d.plugin/edit/master/modules/squidlog/README.md	/docs/data-collection/monitor-anything/Web%20Servers/Web-server-logs-Squid
https://github.com/netdata/go.d.plugin/edit/master/modules/docker/README.md	/docs/data-collection/monitor-anything/Virtualized%20Environments/Docker
https://github.com/netdata/go.d.plugin/edit/master/modules/pulsar/README.md	/docs/data-collection/monitor-anything/Message%20Brokers/Pulsar
https://github.com/netdata/go.d.plugin/edit/master/modules/dockerhub/README.md	/docs/data-collection/monitor-anything/Applications/Docker-Hub-repositories
https://github.com/netdata/go.d.plugin/edit/master/modules/lighttpd/README.md	/docs/data-collection/monitor-anything/Web%20Servers/Lighttpd
https://github.com/netdata/go.d.plugin/edit/master/modules/fluentd/README.md	/docs/data-collection/monitor-anything/Logs/Fluentd
https://github.com/netdata/go.d.plugin/edit/master/modules/example/README.md	/docs/data-collection/monitor-anything/Mock%20Collectors/Example-module-in-Go
https://github.com/netdata/go.d.plugin/edit/master/modules/wireguard/README.md	/docs/data-collection/monitor-anything/Networking/WireGuard
https://github.com/netdata/go.d.plugin/edit/master/modules/phpdaemon/README.md	/docs/data-collection/monitor-anything/Any%20Application%20-%20Generic%20Collectors/PHP-Applications
https://github.com/netdata/go.d.plugin/edit/master/modules/x509check/README.md	/docs/data-collection/monitor-anything/Networking/x509-certificates
https://github.com/netdata/go.d.plugin/edit/master/modules/zookeeper/README.md	/docs/data-collection/monitor-anything/Provisioning%20Tools/ZooKeeper
https://github.com/netdata/go.d.plugin/edit/master/modules/rabbitmq/README.md	/docs/data-collection/monitor-anything/Message%20Brokers/RabbitMQ
https://github.com/netdata/go.d.plugin/edit/master/modules/systemdunits/README.md	/docs/data-collection/monitor-anything/System%20Metrics/Systemd-units
https://github.com/netdata/go.d.plugin/edit/master/modules/httpcheck/README.md	/docs/data-collection/monitor-anything/Networking/HTTP-endpoints
https://github.com/netdata/go.d.plugin/edit/master/modules/ping/README.md	/docs/data-collection/monitor-anything/Qos/Ping
https://github.com/netdata/go.d.plugin/edit/master/modules/whoisquery/README.md	/docs/data-collection/monitor-anything/Dns/Whois-domain-expiry
https://github.com/netdata/go.d.plugin/edit/master/modules/nginx/README.md	/docs/data-collection/monitor-anything/Web%20Servers/NGINX
https://github.com/netdata/go.d.plugin/edit/master/modules/cassandra/README.md	/docs/data-collection/monitor-anything/Databases/Cassandra
https://github.com/netdata/go.d.plugin/edit/master/modules/weblog/README.md	/docs/data-collection/monitor-anything/Web%20Servers/Web-server-logs-Apache-NGINX-Microsoft-IIS
https://github.com/netdata/go.d.plugin/edit/master/modules/snmp/README.md	/docs/data-collection/monitor-anything/Networking/SNMP
https://github.com/netdata/go.d.plugin/edit/master/modules/k8s_kubelet/README.md	/docs/data-collection/monitor-anything/Virtualized%20Environments/Kubelet
https://github.com/netdata/go.d.plugin/edit/master/modules/activemq/README.md	/docs/data-collection/monitor-anything/Message%20Brokers/ActiveMQ
https://github.com/netdata/go.d.plugin/edit/master/modules/couchdb/README.md	/docs/data-collection/monitor-anything/Databases/CouchDB
https://github.com/netdata/go.d.plugin/edit/master/modules/cockroachdb/README.md	/docs/data-collection/monitor-anything/Databases/CockroachDB
https://github.com/netdata/go.d.plugin/edit/master/modules/isc_dhcpd/README.md	/docs/data-collection/monitor-anything/Networking/ISC-DHCPd
https://github.com/netdata/go.d.plugin/edit/master/modules/apache/README.md	/docs/data-collection/monitor-anything/Web%20Servers/Apache
https://github.com/netdata/go.d.plugin/edit/master/modules/logind/README.md	/docs/data-collection/monitor-anything/System%20Metrics/logind-go.d.plugin-Recommended
https://github.com/netdata/go.d.plugin/edit/master/modules/dnsquery/README.md	/docs/data-collection/monitor-anything/Dns/DNS-queries
https://github.com/netdata/go.d.plugin/edit/master/modules/phpfpm/README.md	/docs/data-collection/monitor-anything/Web%20Servers/PHP-FPM
https://github.com/netdata/go.d.plugin/edit/master/modules/pika/README.md	/docs/data-collection/monitor-anything/Storage/Pika
https://github.com/netdata/go.d.plugin/edit/master/modules/openvpn/README.md	/docs/data-collection/monitor-anything/Networking/OpenVPN
https://github.com/netdata/go.d.plugin/edit/master/modules/mysql/README.md	/docs/data-collection/monitor-anything/Databases/MySQL
https://github.com/netdata/go.d.plugin/edit/master/modules/ntpd/README.md	/docs/data-collection/monitor-anything/Applications/NTP-daemon
https://github.com/netdata/go.d.plugin/edit/master/modules/elasticsearch/README.md	/docs/data-collection/monitor-anything/Search/Elasticsearch
https://github.com/netdata/go.d.plugin/edit/master/modules/dnsmasq/README.md	/docs/data-collection/monitor-anything/Dns/Dnsmasq-DNS-Forwarder
https://github.com/netdata/go.d.plugin/edit/master/modules/coredns/README.md	/docs/data-collection/monitor-anything/Dns/CoreDNS
https://github.com/netdata/go.d.plugin/edit/master/modules/nginxvts/README.md	/docs/data-collection/monitor-anything/Web%20Servers/NGINX-VTS
https://github.com/netdata/go.d.plugin/edit/master/modules/vcsa/README.md	/docs/data-collection/monitor-anything/Virtualized%20Environments/vCenter-Server-Appliance
https://github.com/netdata/go.d.plugin/edit/master/modules/traefik/README.md	/docs/data-collection/monitor-anything/Web%20Servers/traefik-go.d.plugin-Recommended
https://github.com/netdata/go.d.plugin/edit/master/modules/mongodb/README.md	/docs/data-collection/monitor-anything/Databases/MongoDB
https://github.com/netdata/go.d.plugin/edit/master/modules/logstash/README.md	/docs/data-collection/monitor-anything/Logs/Logstash
https://github.com/netdata/go.d.plugin/edit/master/modules/consul/README.md	/docs/data-collection/monitor-anything/Provisioning%20Tools/Consul
https://github.com/netdata/go.d.plugin/edit/master/modules/freeradius/README.md	/docs/data-collection/monitor-anything/Applications/FreeRADIUS
https://github.com/netdata/go.d.plugin/edit/master/modules/lighttpd2/README.md	/docs/data-collection/monitor-anything/Web%20Servers/Lighttpd2
https://github.com/netdata/go.d.plugin/edit/master/modules/dnsdist/README.md	/docs/data-collection/monitor-anything/Dns/DNSdist
https://github.com/netdata/go.d.plugin/edit/master/modules/filecheck/README.md	/docs/data-collection/monitor-anything/System%20Metrics/Files-and-Dirs
https://github.com/netdata/go.d.plugin/edit/master/modules/redis/README.md	/docs/data-collection/monitor-anything/Databases/Redis
https://github.com/netdata/go.d.plugin/edit/master/modules/vernemq/README.md	/docs/data-collection/monitor-anything/Message%20Brokers/VerneMQ
https://github.com/netdata/go.d.plugin/edit/master/modules/haproxy/README.md	/docs/data-collection/monitor-anything/Web%20Servers/haproxy-go.d.plugin-Recommended
https://github.com/netdata/go.d.plugin/edit/master/modules/k8s_kubeproxy/README.md	/docs/data-collection/monitor-anything/Virtualized%20Environments/Kube-proxy
https://github.com/netdata/go.d.plugin/edit/master/modules/solr/README.md	/docs/data-collection/monitor-anything/Search/Solr
https://github.com/netdata/go.d.plugin/edit/master/modules/proxysql/README.md	/docs/data-collection/monitor-anything/Databases/ProxySQL
https://github.com/netdata/go.d.plugin/edit/master/modules/hdfs/README.md	/docs/data-collection/monitor-anything/Storage/HDFS
https://github.com/netdata/go.d.plugin/edit/master/modules/supervisord/README.md	/docs/data-collection/monitor-anything/Virtualized%20Environments/Supervisord
https://github.com/netdata/go.d.plugin/edit/master/modules/powerdns/README.md	/docs/data-collection/monitor-anything/Dns/PowerDNS-Authoritative-Server
https://github.com/netdata/go.d.plugin/edit/master/docs/how-to-write-a-module.md	/docs/improving-netdata---developers/external-plugins/go.d.plugin/how-to-write-a-netdata-collector-in-go
https://github.com/netdata/netdata/edit/master/REDISTRIBUTED.md	/docs/improving-netdata---developers/redistributed-software
https://github.com/netdata/netdata/edit/master/cli/README.md	/docs/getting-started/manage-and-configure/agent-cli
https://github.com/netdata/netdata/edit/master/libnetdata/README.md	/docs/improving-netdata---developers/libnetdata
https://github.com/netdata/netdata/edit/master/libnetdata/adaptive_resortable_list/README.md	/docs/improving-netdata---developers/libnetdata/adaptive-re-sortable-list-arl
https://github.com/netdata/netdata/edit/master/libnetdata/dictionary/README.md	/docs/improving-netdata---developers/libnetdata/dictionaries
https://github.com/netdata/netdata/edit/master/libnetdata/string/README.md	/docs/improving-netdata---developers/libnetdata/string
https://github.com/netdata/netdata/edit/master/libnetdata/simple_pattern/README.md	/docs/improving-netdata---developers/libnetdata/simple-patterns
https://github.com/netdata/netdata/edit/master/libnetdata/circular_buffer/README.md	/docs/improving-netdata---developers/libnetdata/circular-buffer
https://github.com/netdata/netdata/edit/master/libnetdata/aral/README.md	/docs/improving-netdata---developers/libnetdata/array-allocator
https://github.com/netdata/netdata/edit/master/libnetdata/parser/README.md	/docs/improving-netdata---developers/libnetdata/parser
https://github.com/netdata/netdata/edit/master/libnetdata/statistical/README.md	/docs/improving-netdata---developers/libnetdata/statistical-functions
https://github.com/netdata/netdata/edit/master/libnetdata/avl/README.md	/docs/improving-netdata---developers/libnetdata/avl
https://github.com/netdata/netdata/edit/master/libnetdata/worker_utilization/README.md	/docs/improving-netdata---developers/libnetdata/worker-utilization
https://github.com/netdata/netdata/edit/master/libnetdata/socket/README.md	/docs/improving-netdata---developers/libnetdata/socket
https://github.com/netdata/netdata/edit/master/libnetdata/url/README.md	/docs/improving-netdata---developers/libnetdata/url
https://github.com/netdata/netdata/edit/master/libnetdata/onewayalloc/README.md	/docs/improving-netdata---developers/libnetdata/one-way-allocator
https://github.com/netdata/netdata/edit/master/libnetdata/popen/README.md	/docs/improving-netdata---developers/libnetdata/popen
https://github.com/netdata/netdata/edit/master/libnetdata/config/README.md	/docs/improving-netdata---developers/libnetdata/netdata-ini-config-files
https://github.com/netdata/netdata/edit/master/libnetdata/procfile/README.md	/docs/improving-netdata---developers/libnetdata/procfile
https://github.com/netdata/netdata/edit/master/libnetdata/threads/README.md	/docs/improving-netdata---developers/libnetdata/threads
https://github.com/netdata/netdata/edit/master/libnetdata/locks/README.md	/docs/improving-netdata---developers/libnetdata/locks
https://github.com/netdata/netdata/edit/master/libnetdata/july/README.md	/docs/improving-netdata---developers/libnetdata/july-interface
https://github.com/netdata/netdata/edit/master/libnetdata/log/README.md	/docs/improving-netdata---developers/libnetdata/log
https://github.com/netdata/netdata/edit/master/libnetdata/json/README.md	/docs/improving-netdata---developers/libnetdata/json
https://github.com/netdata/netdata/edit/master/libnetdata/buffer/README.md	/docs/improving-netdata---developers/libnetdata/buffer-library
https://github.com/netdata/netdata/edit/master/libnetdata/storage_number/README.md	/docs/improving-netdata---developers/libnetdata/storage-number
https://github.com/netdata/netdata/edit/master/libnetdata/ebpf/README.md	/docs/improving-netdata---developers/libnetdata/ebpf
https://github.com/netdata/netdata/edit/master/libnetdata/clocks/README.md	/docs/improving-netdata---developers/libnetdata/clocks
https://github.com/netdata/netdata/edit/master/ml/README.md	/docs/troubleshooting-and-machine-learning/machine-learning-ml-powered-anomaly-detection
https://github.com/netdata/netdata/edit/master/tests/health_mgmtapi/README.md	/docs/improving-netdata---developers/health-command-api-tester
https://github.com/netdata/netdata/edit/master/database/README.md	/docs/deployment-in-production/streaming-and-replication/database-modes-for-parent-child-setups
https://github.com/netdata/netdata/edit/master/database/engine/README.md	/docs/improving-netdata---developers/metric-retention---database/database-engine
https://github.com/netdata/netdata/edit/master/contrib/README.md	/docs/installation/package-maintainers/netdata-contrib
https://github.com/netdata/netdata/edit/master/streaming/README.md	/docs/deployment-in-production/streaming-and-replication/streaming-configuration-reference
https://github.com/netdata/netdata/edit/master/registry/README.md	/docs/deployment-in-production/secure-your-nodes/registry
https://github.com/netdata/netdata/edit/master/packaging/building-native-packages-locally.md	/docs/installation/package-maintainers/how-to-build-native-deb-rpm-packages-locally-for-testing
https://github.com/netdata/netdata/edit/master/packaging/PLATFORM_SUPPORT.md	/docs/installation/platform-support-policy
https://github.com/netdata/netdata/edit/master/packaging/maintainers/README.md	/docs/installation/package-maintainers
https://github.com/netdata/netdata/edit/master/packaging/installer/UNINSTALL.md	/docs/installation/uninstall-netdata
https://github.com/netdata/netdata/edit/master/packaging/installer/README.md	/docs/getting-started/install-netdata
https://github.com/netdata/netdata/edit/master/packaging/installer/REINSTALL.md	/docs/installation/reinstall-netdata
https://github.com/netdata/netdata/edit/master/packaging/installer/UPDATE.md	/docs/installation/update-netdata
https://github.com/netdata/netdata/edit/master/packaging/installer/methods/ansible.md	/docs/installation/install-on-specific-environments/ansible
https://github.com/netdata/netdata/edit/master/packaging/installer/methods/macos.md	/docs/installation/install-on-specific-environments/macos
https://github.com/netdata/netdata/edit/master/packaging/installer/methods/gcp.md	/docs/installation/install-on-specific-environments/gcp
https://github.com/netdata/netdata/edit/master/packaging/installer/methods/packages.md	/docs/installation/installation-methods/native-deb-rpm-packages
https://github.com/netdata/netdata/edit/master/packaging/installer/methods/systems.md	/docs/installation/install-on-specific-environments
https://github.com/netdata/netdata/edit/master/packaging/installer/methods/manual.md	/docs/installation/installation-methods/from-a-git-checkout
https://github.com/netdata/netdata/edit/master/packaging/installer/methods/offline.md	/docs/installation/installation-methods/offline-systems
https://github.com/netdata/netdata/edit/master/packaging/installer/methods/pfsense.md	/docs/installation/install-on-specific-environments/pfsense
https://github.com/netdata/netdata/edit/master/packaging/installer/methods/azure.md	/docs/installation/install-on-specific-environments/azure
https://github.com/netdata/netdata/edit/master/packaging/installer/methods/kubernetes.md	/docs/installation/install-on-specific-environments/kubernetes
https://github.com/netdata/netdata/edit/master/packaging/installer/methods/kickstart.md	/docs/installation/installation-methods/one-line-installer-kickstart.sh
https://github.com/netdata/netdata/edit/master/packaging/installer/methods/methods.md	/docs/installation/installation-methods
https://github.com/netdata/netdata/edit/master/packaging/installer/methods/aws.md	/docs/installation/install-on-specific-environments/aws
https://github.com/netdata/netdata/edit/master/packaging/installer/methods/synology.md	/docs/installation/install-on-specific-environments/synology
https://github.com/netdata/netdata/edit/master/packaging/installer/methods/source.md	/docs/installation/package-maintainers/manually-build-netdata-from-source
https://github.com/netdata/netdata/edit/master/packaging/installer/methods/freebsd.md	/docs/installation/install-on-specific-environments/freebsd
https://github.com/netdata/netdata/edit/master/packaging/docker/README.md	/docs/installation/installation-methods/docker
https://github.com/netdata/netdata/edit/master/packaging/makeself/README.md	/docs/installation/installation-methods/static-binary-packages
https://github.com/netdata/netdata/edit/master/web/README.md	/docs/improving-netdata---developers/web
https://github.com/netdata/netdata/edit/master/web/api/README.md	/docs/improving-netdata---developers/web/api
https://github.com/netdata/netdata/edit/master/web/api/formatters/README.md	/docs/improving-netdata---developers/web/api/formatters/query-formatting
https://github.com/netdata/netdata/edit/master/web/api/formatters/ssv/README.md	/docs/improving-netdata---developers/web/api/formatters/ssv-formatter
https://github.com/netdata/netdata/edit/master/web/api/formatters/value/README.md	/docs/improving-netdata---developers/web/api/formatters/value-formatter
https://github.com/netdata/netdata/edit/master/web/api/formatters/json/README.md	/docs/improving-netdata---developers/web/api/formatters/json-formatter
https://github.com/netdata/netdata/edit/master/web/api/formatters/csv/README.md	/docs/improving-netdata---developers/web/api/formatters/csv-formatter
https://github.com/netdata/netdata/edit/master/web/api/badges/README.md	/docs/improving-netdata---developers/web/api/netdata-badges
https://github.com/netdata/netdata/edit/master/web/api/queries/README.md	/docs/exporting-data/rest-api-for-database-queries
https://github.com/netdata/netdata/edit/master/web/api/queries/median/README.md	/docs/improving-netdata---developers/web/api/queries/median
https://github.com/netdata/netdata/edit/master/web/api/queries/percentile/README.md	/docs/improving-netdata---developers/web/api/queries/percentile
https://github.com/netdata/netdata/edit/master/web/api/queries/average/README.md	/docs/improving-netdata---developers/web/api/queries/average-or-mean
https://github.com/netdata/netdata/edit/master/web/api/queries/incremental_sum/README.md	/docs/improving-netdata---developers/web/api/queries/incremental-sum-`incremental_sum`
https://github.com/netdata/netdata/edit/master/web/api/queries/max/README.md	/docs/improving-netdata---developers/web/api/queries/max
https://github.com/netdata/netdata/edit/master/web/api/queries/countif/README.md	/docs/improving-netdata---developers/web/api/queries/countif
https://github.com/netdata/netdata/edit/master/web/api/queries/stddev/README.md	/docs/improving-netdata---developers/web/api/queries/standard-deviation-`stddev`
https://github.com/netdata/netdata/edit/master/web/api/queries/sum/README.md	/docs/improving-netdata---developers/web/api/queries/sum
https://github.com/netdata/netdata/edit/master/web/api/queries/ses/README.md	/docs/improving-netdata---developers/web/api/queries/single-or-simple-exponential-smoothing-`ses`
https://github.com/netdata/netdata/edit/master/web/api/queries/des/README.md	/docs/improving-netdata---developers/web/api/queries/double-exponential-smoothing
https://github.com/netdata/netdata/edit/master/web/api/queries/trimmed_mean/README.md	/docs/improving-netdata---developers/web/api/queries/trimmed-mean
https://github.com/netdata/netdata/edit/master/web/api/queries/min/README.md	/docs/improving-netdata---developers/web/api/queries/min
https://github.com/netdata/netdata/edit/master/web/api/health/README.md	/docs/alerts-and-notifications/health-api-calls
https://github.com/netdata/netdata/edit/master/web/api/exporters/shell/README.md	/docs/exporting-data/shell-exporter
https://github.com/netdata/netdata/edit/master/web/server/README.md	/docs/deployment-in-production/secure-your-nodes/web-server
https://github.com/netdata/netdata/edit/master/web/server/static/README.md	/docs/improving-netdata---developers/web/`static-threaded`-web-server
https://github.com/netdata/netdata/edit/master/web/gui/README.md	/docs/visualizations/agent-dashboard
https://github.com/netdata/netdata/edit/master/web/gui/confluence/README.md	/docs/exporting-data/atlassian-confluence-dashboards
https://github.com/netdata/netdata/edit/master/web/gui/custom/README.md	/docs/visualizations/agent-dashboard/custom-dashboards
https://github.com/netdata/netdata/edit/master/docs/Running-behind-apache.md	/docs/deployment-in-production/secure-your-nodes/reverse-proxies/apache
https://github.com/netdata/netdata/edit/master/docs/Demo-Sites.md	/docs/getting-started/live-demos
https://github.com/netdata/netdata/edit/master/docs/Running-behind-nginx.md	/docs/deployment-in-production/secure-your-nodes/reverse-proxies/nginx
https://github.com/netdata/netdata/edit/master/docs/Running-behind-lighttpd.md	/docs/deployment-in-production/secure-your-nodes/reverse-proxies/lighttpd-v1.4.x
https://github.com/netdata/netdata/edit/master/docs/Running-behind-haproxy.md	/docs/deployment-in-production/secure-your-nodes/reverse-proxies/haproxy
https://github.com/netdata/netdata/edit/master/docs/netdata-for-IoT.md	/docs/miscellaneous/netdata-for-iot
https://github.com/netdata/netdata/edit/master/docs/Running-behind-h2o.md	/docs/deployment-in-production/secure-your-nodes/reverse-proxies/h2o
https://github.com/netdata/netdata/edit/master/docs/netdata-security.md	/docs/deployment-in-production/security-and-privacy-design
https://github.com/netdata/netdata/edit/master/docs/glossary.md	/docs/getting-started/glossary
https://github.com/netdata/netdata/edit/master/docs/anonymous-statistics.md	/docs/deployment-in-production/secure-your-nodes/anonymous-telemetry-events
https://github.com/netdata/netdata/edit/master/docs/Running-behind-caddy.md	/docs/deployment-in-production/secure-your-nodes/reverse-proxies/caddy
https://github.com/netdata/netdata/edit/master/docs/guidelines.md	/docs/improving-netdata---developers/contribute-to-the-documentation
https://github.com/netdata/netdata/edit/master/docs/getting-started/introduction.md	/docs/getting-started
https://github.com/netdata/netdata/edit/master/docs/quickstart/infrastructure.md	/docs/getting-started/monitor-your-infrastructure
https://github.com/netdata/netdata/edit/master/docs/metrics-storage-management/enable-streaming.md	/docs/deployment-in-production/streaming-and-replication
https://github.com/netdata/netdata/edit/master/docs/category-overview-pages/visualizations-overview.md	/docs/visualizations
https://github.com/netdata/netdata/edit/master/docs/category-overview-pages/secure-nodes.md	/docs/deployment-in-production/secure-your-nodes
https://github.com/netdata/netdata/edit/master/docs/category-overview-pages/installation-overview.md	/docs/installation
https://github.com/netdata/netdata/edit/master/docs/category-overview-pages/troubleshooting-overview.md	/docs/troubleshooting-and-machine-learning
https://github.com/netdata/netdata/edit/master/docs/category-overview-pages/misc-overview.md	/docs/miscellaneous
https://github.com/netdata/netdata/edit/master/docs/category-overview-pages/reverse-proxies.md	/docs/deployment-in-production/secure-your-nodes/reverse-proxies
https://github.com/netdata/netdata/edit/master/docs/category-overview-pages/deployment-strategies.md	/docs/deployment-in-production
https://github.com/netdata/netdata/edit/master/docs/visualize/overview-infrastructure.md	/docs/visualizations/infrastructure-overview
https://github.com/netdata/netdata/edit/master/docs/monitor/view-active-alarms.md	/docs/getting-started/monitor-your-infrastructure/view-active-alerts
https://github.com/netdata/netdata/edit/master/docs/monitor/enable-notifications.md	/docs/alerts-and-notifications/notifications
https://github.com/netdata/netdata/edit/master/docs/collect/system-metrics.md	/docs/data-collection/system-metrics
https://github.com/netdata/netdata/edit/master/docs/collect/application-metrics.md	/docs/data-collection/application-metrics
https://github.com/netdata/netdata/edit/master/docs/collect/container-metrics.md	/docs/data-collection/container-metrics
https://github.com/netdata/netdata/edit/master/docs/contributing/style-guide.md	/docs/improving-netdata---developers/contribute-to-the-documentation/netdata-style-guide
https://github.com/netdata/netdata/edit/master/docs/configure/common-changes.md	/docs/getting-started/manage-and-configure/common-configuration-changes
https://github.com/netdata/netdata/edit/master/docs/configure/nodes.md	/docs/getting-started/manage-and-configure/configuration
https://github.com/netdata/netdata/edit/master/docs/configure/start-stop-restart.md	/docs/getting-started/manage-and-configure/start-stop-or-restart-the-netdata-agent
https://github.com/netdata/netdata/edit/master/docs/dashboard/customize.md	/docs/visualizations/agent-dashboard/customize-the-standard-dashboard
https://github.com/netdata/netdata/edit/master/docs/dashboard/visualization-date-and-time-controls.md	/docs/getting-started/monitor-your-infrastructure/visualization-date-and-time-controls
https://github.com/netdata/netdata/edit/master/docs/dashboard/dimensions-contexts-families.md	/docs/data-collection/chart-dimensions-contexts-and-families
https://github.com/netdata/netdata/edit/master/docs/dashboard/import-export-print-snapshot.md	/docs/visualizations/agent-dashboard/import-export-and-print-a-snapshot
https://github.com/netdata/netdata/edit/master/docs/store/change-metrics-storage.md	/docs/deployment-in-production/change-how-long-netdata-stores-metrics
https://github.com/netdata/netdata/edit/master/docs/store/distributed-data-architecture.md	/docs/getting-started/distributed-data-architecture
https://github.com/netdata/netdata/edit/master/docs/cloud/spaces.md	/docs/getting-started/monitor-your-infrastructure/spaces
https://github.com/netdata/netdata/edit/master/docs/cloud/netdata-functions.md	/docs/troubleshooting-and-machine-learning/functions
https://github.com/netdata/netdata/edit/master/docs/cloud/runtime-troubleshooting-with-functions.md	/docs/troubleshooting-and-machine-learning/run-time-troubleshooting-with-functions
https://github.com/netdata/netdata/edit/master/docs/cloud/war-rooms.md	/docs/getting-started/monitor-your-infrastructure/war-rooms
https://github.com/netdata/netdata/edit/master/docs/cloud/cheatsheet.md	/docs/getting-started/manage-and-configure
https://github.com/netdata/netdata/edit/master/docs/cloud/visualize/interact-new-charts.md	/docs/getting-started/monitor-your-infrastructure/interact-with-charts
https://github.com/netdata/netdata/edit/master/docs/cloud/visualize/dashboards.md	/docs/visualizations/build-new-dashboards
https://github.com/netdata/netdata/edit/master/docs/cloud/visualize/nodes.md	/docs/visualizations/nodes-view
https://github.com/netdata/netdata/edit/master/docs/cloud/visualize/kubernetes.md	/docs/visualizations/kubernetes-visualizations
https://github.com/netdata/netdata/edit/master/docs/cloud/visualize/node-filter.md	/docs/getting-started/monitor-your-infrastructure/node-filter
https://github.com/netdata/netdata/edit/master/docs/cloud/visualize/overview.md	/docs/getting-started/monitor-your-infrastructure/home-overview-and-single-node-view
https://github.com/netdata/netdata/edit/master/docs/cloud/manage/plans.md	/docs/getting-started/monitor-your-infrastructure/netdata-plans
https://github.com/netdata/netdata/edit/master/docs/cloud/manage/invite-your-team.md	/docs/getting-started/monitor-your-infrastructure/invite-your-team
https://github.com/netdata/netdata/edit/master/docs/cloud/manage/role-based-access.md	/docs/deployment-in-production/secure-your-nodes/role-based-access-model
https://github.com/netdata/netdata/edit/master/docs/cloud/manage/sign-in.md	/docs/getting-started/monitor-your-infrastructure/sign-in-with-email-google-or-github
https://github.com/netdata/netdata/edit/master/docs/cloud/manage/themes.md	/docs/getting-started/monitor-your-infrastructure/choose-your-netdata-cloud-theme
https://github.com/netdata/netdata/edit/master/docs/cloud/manage/view-plan-billing.md	/docs/getting-started/monitor-your-infrastructure/view-plan-&-billing
https://github.com/netdata/netdata/edit/master/docs/cloud/alerts-notifications/add-slack-notification-configuration.md	/docs/alerts-and-notifications/notifications/cloud-alert-notifications/add-slack-notification-configuration
https://github.com/netdata/netdata/edit/master/docs/cloud/alerts-notifications/add-webhook-notification-configuration.md	/docs/alerts-and-notifications/notifications/cloud-alert-notifications/add-webhook-notification-configuration
https://github.com/netdata/netdata/edit/master/docs/cloud/alerts-notifications/add-pagerduty-notification-configuration.md	/docs/alerts-and-notifications/notifications/cloud-alert-notifications/add-pagerduty-notification-configuration
https://github.com/netdata/netdata/edit/master/docs/cloud/alerts-notifications/notifications.md	/docs/alerts-and-notifications/notifications/cloud-alert-notifications
https://github.com/netdata/netdata/edit/master/docs/cloud/alerts-notifications/add-discord-notification.md	/docs/alerts-and-notifications/notifications/cloud-alert-notifications/add-discord-notification-configuration
https://github.com/netdata/netdata/edit/master/docs/cloud/alerts-notifications/manage-notification-methods.md	/docs/alerts-and-notifications/notifications/cloud-alert-notifications/manage-notification-methods
https://github.com/netdata/netdata/edit/master/docs/cloud/insights/anomaly-advisor.md	/docs/troubleshooting-and-machine-learning/anomaly-advisor
https://github.com/netdata/netdata/edit/master/docs/cloud/insights/metric-correlations.md	/docs/troubleshooting-and-machine-learning/metric-correlations
https://github.com/netdata/netdata/edit/master/docs/cloud/insights/events-feed.md	/docs/troubleshooting-and-machine-learning/events-feed
https://github.com/netdata/netdata/edit/master/docs/guides/monitor-cockroachdb.md	/docs/miscellaneous/monitor-cockroachdb-metrics-with-netdata
https://github.com/netdata/netdata/edit/master/docs/guides/using-host-labels.md	/docs/deployment-in-production/use-host-labels-to-organize-systems-metrics-and-alarms
https://github.com/netdata/netdata/edit/master/docs/guides/python-collector.md	/docs/improving-netdata---developers/external-plugins/python.d.plugin/develop-a-custom-data-collector-in-python
https://github.com/netdata/netdata/edit/master/docs/guides/monitor-hadoop-cluster.md	/docs/miscellaneous/monitor-a-hadoop-cluster-with-netdata
https://github.com/netdata/netdata/edit/master/docs/guides/collect-apache-nginx-web-logs.md	/docs/miscellaneous/monitor-nginx-or-apache-web-server-log-files-with-netdata
https://github.com/netdata/netdata/edit/master/docs/guides/collect-unbound-metrics.md	/docs/miscellaneous/monitor-unbound-dns-servers-with-netdata
https://github.com/netdata/netdata/edit/master/docs/guides/monitor/lamp-stack.md	/docs/miscellaneous/lamp-stack-monitoring-linux-apache-mysql-php-with-netdata
https://github.com/netdata/netdata/edit/master/docs/guides/monitor/kubernetes-k8s-netdata.md	/docs/miscellaneous/kubernetes-monitoring-with-netdata-overview-and-visualizations
https://github.com/netdata/netdata/edit/master/docs/guides/monitor/process.md	/docs/miscellaneous/monitor-any-process-in-real-time-with-netdata
https://github.com/netdata/netdata/edit/master/docs/guides/monitor/raspberry-pi-anomaly-detection.md	/docs/miscellaneous/unsupervised-anomaly-detection-for-raspberry-pi-monitoring
https://github.com/netdata/netdata/edit/master/docs/guides/monitor/pi-hole-raspberry-pi.md	/docs/miscellaneous/monitor-pi-hole-and-a-raspberry-pi-with-netdata
https://github.com/netdata/netdata/edit/master/docs/guides/configure/performance.md	/docs/deployment-in-production/how-to-optimize-the-netdata-agent-s-performance
https://github.com/netdata/netdata/edit/master/docs/guides/troubleshoot/monitor-debug-applications-ebpf.md	/docs/miscellaneous/monitor-troubleshoot-and-debug-applications-with-ebpf-metrics
https://github.com/netdata/netdata/edit/master/docs/guides/troubleshoot/troubleshooting-agent-with-cloud-connection.md	/docs/getting-started/monitor-your-infrastructure/troubleshoot-agent-cloud-connectivity-issues
https://github.com/netdata/netdata/edit/master/docs/export/external-databases.md	/docs/exporting-data
https://github.com/netdata/netdata/edit/master/docs/export/enable-connector.md	/docs/exporting-data/enable-an-exporting-connector
https://github.com/netdata/netdata/edit/master/build_external/README.md	/docs/installation/package-maintainers/external-build-system
https://github.com/netdata/netdata/edit/master/aclk/README.md	/docs/deployment-in-production/secure-your-nodes/agent-cloud-link-aclk
https://github.com/netdata/netdata/edit/master/health/README.md	/docs/alerts-and-notifications
https://github.com/netdata/netdata/edit/master/health/REFERENCE.md	/docs/alerts-and-notifications/configure-alerts
https://github.com/netdata/netdata/edit/master/health/notifications/README.md	/docs/alerts-and-notifications/notifications/agent-alert-notifications
https://github.com/netdata/netdata/edit/master/health/notifications/prowl/README.md	/docs/alerts-and-notifications/notifications/agent-alert-notifications/prowl
https://github.com/netdata/netdata/edit/master/health/notifications/gotify/README.md	/docs/alerts-and-notifications/notifications/agent-alert-notifications/gotify
https://github.com/netdata/netdata/edit/master/health/notifications/syslog/README.md	/docs/alerts-and-notifications/notifications/agent-alert-notifications/syslog
https://github.com/netdata/netdata/edit/master/health/notifications/irc/README.md	/docs/alerts-and-notifications/notifications/agent-alert-notifications/irc
https://github.com/netdata/netdata/edit/master/health/notifications/stackpulse/README.md	/docs/alerts-and-notifications/notifications/agent-alert-notifications/stackpulse
https://github.com/netdata/netdata/edit/master/health/notifications/opsgenie/README.md	/docs/alerts-and-notifications/notifications/agent-alert-notifications/opsgenie
https://github.com/netdata/netdata/edit/master/health/notifications/pagerduty/README.md	/docs/alerts-and-notifications/notifications/agent-alert-notifications/pagerduty
https://github.com/netdata/netdata/edit/master/health/notifications/discord/README.md	/docs/alerts-and-notifications/notifications/agent-alert-notifications/discord
https://github.com/netdata/netdata/edit/master/health/notifications/email/README.md	/docs/alerts-and-notifications/notifications/agent-alert-notifications/email
https://github.com/netdata/netdata/edit/master/health/notifications/flock/README.md	/docs/alerts-and-notifications/notifications/agent-alert-notifications/flock
https://github.com/netdata/netdata/edit/master/health/notifications/twilio/README.md	/docs/alerts-and-notifications/notifications/agent-alert-notifications/twilio
https://github.com/netdata/netdata/edit/master/health/notifications/messagebird/README.md	/docs/alerts-and-notifications/notifications/agent-alert-notifications/messagebird
https://github.com/netdata/netdata/edit/master/health/notifications/web/README.md	/docs/alerts-and-notifications/notifications/agent-alert-notifications/browser-pop-ups
https://github.com/netdata/netdata/edit/master/health/notifications/matrix/README.md	/docs/alerts-and-notifications/notifications/agent-alert-notifications/matrix
https://github.com/netdata/netdata/edit/master/health/notifications/custom/README.md	/docs/alerts-and-notifications/notifications/agent-alert-notifications/custom-endpoint
https://github.com/netdata/netdata/edit/master/health/notifications/kavenegar/README.md	/docs/alerts-and-notifications/notifications/agent-alert-notifications/kavenegar
https://github.com/netdata/netdata/edit/master/health/notifications/dynatrace/README.md	/docs/alerts-and-notifications/notifications/agent-alert-notifications/dynatrace-events
https://github.com/netdata/netdata/edit/master/health/notifications/msteams/README.md	/docs/alerts-and-notifications/notifications/agent-alert-notifications/microsoft-teams
https://github.com/netdata/netdata/edit/master/health/notifications/rocketchat/README.md	/docs/alerts-and-notifications/notifications/agent-alert-notifications/rocket-chat
https://github.com/netdata/netdata/edit/master/health/notifications/pushbullet/README.md	/docs/alerts-and-notifications/notifications/agent-alert-notifications/pushbullet
https://github.com/netdata/netdata/edit/master/health/notifications/slack/README.md	/docs/alerts-and-notifications/notifications/agent-alert-notifications/slack
https://github.com/netdata/netdata/edit/master/health/notifications/telegram/README.md	/docs/alerts-and-notifications/notifications/agent-alert-notifications/telegram
https://github.com/netdata/netdata/edit/master/health/notifications/alerta/README.md	/docs/alerts-and-notifications/notifications/agent-alert-notifications/alerta
https://github.com/netdata/netdata/edit/master/health/notifications/smstools3/README.md	/docs/alerts-and-notifications/notifications/agent-alert-notifications/sms-server
https://github.com/netdata/netdata/edit/master/health/notifications/awssns/README.md	/docs/alerts-and-notifications/notifications/agent-alert-notifications/amazon-sns
https://github.com/netdata/netdata/edit/master/health/notifications/pushover/README.md	/docs/alerts-and-notifications/notifications/agent-alert-notifications/pushover
https://github.com/netdata/netdata/edit/master/exporting/README.md	/docs/exporting-data/exporting-reference
https://github.com/netdata/netdata/edit/master/exporting/TIMESCALE.md	/docs/exporting-data/timescaledb
https://github.com/netdata/netdata/edit/master/exporting/WALKTHROUGH.md	/docs/exporting-data/prometheus/user-guide-netdata-prometheus-grafana-stack
https://github.com/netdata/netdata/edit/master/exporting/prometheus/README.md	/docs/exporting-data/prometheus
https://github.com/netdata/netdata/edit/master/exporting/prometheus/remote_write/README.md	/docs/exporting-data/prometheus/prometheus-remote-write
https://github.com/netdata/netdata/edit/master/exporting/graphite/README.md	/docs/exporting-data/graphite
https://github.com/netdata/netdata/edit/master/exporting/pubsub/README.md	/docs/exporting-data/google-cloud-pub-sub-service
https://github.com/netdata/netdata/edit/master/exporting/opentsdb/README.md	/docs/exporting-data/opentsdb
https://github.com/netdata/netdata/edit/master/exporting/json/README.md	/docs/exporting-data/json-document-databases
https://github.com/netdata/netdata/edit/master/exporting/mongodb/README.md	/docs/exporting-data/mongodb
https://github.com/netdata/netdata/edit/master/exporting/aws_kinesis/README.md	/docs/exporting-data/aws-kinesis-data-streams
https://github.com/netdata/netdata/edit/master/daemon/README.md	/docs/getting-started/manage-and-configure/netdata-daemon
https://github.com/netdata/netdata/edit/master/daemon/config/README.md	/docs/getting-started/manage-and-configure/daemon-configuration
https://github.com/netdata/netdata/edit/master/collectors/README.md	/docs/data-collection
https://github.com/netdata/netdata/edit/master/collectors/COLLECTORS.md	/docs/data-collection/monitor-anything
https://github.com/netdata/netdata/edit/master/collectors/REFERENCE.md	/docs/data-collection/collectors-configuration
https://github.com/netdata/netdata/edit/master/collectors/charts.d.plugin/README.md	/docs/improving-netdata---developers/external-plugins/charts.d.plugin
https://github.com/netdata/netdata/edit/master/collectors/charts.d.plugin/nut/README.md	/docs/data-collection/monitor-anything/Hardware/UPS-PDU
https://github.com/netdata/netdata/edit/master/collectors/charts.d.plugin/ap/README.md	/docs/data-collection/monitor-anything/Networking/Access-points
https://github.com/netdata/netdata/edit/master/collectors/charts.d.plugin/apcupsd/README.md	/docs/data-collection/monitor-anything/Hardware/APC-UPS
https://github.com/netdata/netdata/edit/master/collectors/charts.d.plugin/example/README.md	/docs/data-collection/monitor-anything/Mock%20Collectors/Example-module-in-Bash
https://github.com/netdata/netdata/edit/master/collectors/charts.d.plugin/sensors/README.md	/docs/data-collection/monitor-anything/Hardware/lm-sensors
https://github.com/netdata/netdata/edit/master/collectors/charts.d.plugin/opensips/README.md	/docs/data-collection/monitor-anything/Networking/OpenSIPS
https://github.com/netdata/netdata/edit/master/collectors/charts.d.plugin/libreswan/README.md	/docs/data-collection/monitor-anything/Networking/Libreswan-IPSec-tunnels
https://github.com/netdata/netdata/edit/master/collectors/timex.plugin/README.md	/docs/data-collection/monitor-anything/System%20Metrics/timex.plugin
https://github.com/netdata/netdata/edit/master/collectors/macos.plugin/README.md	/docs/data-collection/monitor-anything/System%20Metrics/macOS
https://github.com/netdata/netdata/edit/master/collectors/python.d.plugin/README.md	/docs/improving-netdata---developers/external-plugins/python.d.plugin
https://github.com/netdata/netdata/edit/master/collectors/python.d.plugin/nsd/README.md	/docs/data-collection/monitor-anything/Dns/NSD
https://github.com/netdata/netdata/edit/master/collectors/python.d.plugin/gearman/README.md	/docs/data-collection/monitor-anything/Distributed%20Computing/Gearman
https://github.com/netdata/netdata/edit/master/collectors/python.d.plugin/w1sensor/README.md	/docs/data-collection/monitor-anything/Hardware/Wire-sensors
https://github.com/netdata/netdata/edit/master/collectors/python.d.plugin/samba/README.md	/docs/data-collection/monitor-anything/Networking/Samba
https://github.com/netdata/netdata/edit/master/collectors/python.d.plugin/rethinkdbs/README.md	/docs/data-collection/monitor-anything/Databases/RethinkDB
https://github.com/netdata/netdata/edit/master/collectors/python.d.plugin/nvidia_smi/README.md	/docs/data-collection/monitor-anything/Hardware/nvidia_smi-python.d.plugin
https://github.com/netdata/netdata/edit/master/collectors/python.d.plugin/anomalies/README.md	/docs/data-collection/monitor-anything/Any%20Application%20-%20Generic%20Collectors/Anomalies
https://github.com/netdata/netdata/edit/master/collectors/python.d.plugin/ipfs/README.md	/docs/data-collection/monitor-anything/Storage/IPFS
https://github.com/netdata/netdata/edit/master/collectors/python.d.plugin/go_expvar/README.md	/docs/data-collection/monitor-anything/Any%20Application%20-%20Generic%20Collectors/Go-applications
https://github.com/netdata/netdata/edit/master/collectors/python.d.plugin/postfix/README.md	/docs/data-collection/monitor-anything/Applications/Postfix
https://github.com/netdata/netdata/edit/master/collectors/python.d.plugin/riakkv/README.md	/docs/data-collection/monitor-anything/Databases/Riak-KV
https://github.com/netdata/netdata/edit/master/collectors/python.d.plugin/exim/README.md	/docs/data-collection/monitor-anything/Applications/Exim
https://github.com/netdata/netdata/edit/master/collectors/python.d.plugin/megacli/README.md	/docs/data-collection/monitor-anything/Storage/MegaRAID-controllers
https://github.com/netdata/netdata/edit/master/collectors/python.d.plugin/icecast/README.md	/docs/data-collection/monitor-anything/Networking/Icecast
https://github.com/netdata/netdata/edit/master/collectors/python.d.plugin/pandas/README.md	/docs/data-collection/monitor-anything/Any%20Application%20-%20Generic%20Collectors/Structured-data-Pandas
https://github.com/netdata/netdata/edit/master/collectors/python.d.plugin/uwsgi/README.md	/docs/data-collection/monitor-anything/Web%20Servers/uWSGI
https://github.com/netdata/netdata/edit/master/collectors/python.d.plugin/boinc/README.md	/docs/data-collection/monitor-anything/Distributed%20Computing/BOINC
https://github.com/netdata/netdata/edit/master/collectors/python.d.plugin/alarms/README.md	/docs/data-collection/monitor-anything/Netdata/Alarms
https://github.com/netdata/netdata/edit/master/collectors/python.d.plugin/tor/README.md	/docs/data-collection/monitor-anything/Networking/Tor
https://github.com/netdata/netdata/edit/master/collectors/python.d.plugin/changefinder/README.md	/docs/data-collection/monitor-anything/Qos/changefinder
https://github.com/netdata/netdata/edit/master/collectors/python.d.plugin/varnish/README.md	/docs/data-collection/monitor-anything/Web%20Servers/Varnish-Cache
https://github.com/netdata/netdata/edit/master/collectors/python.d.plugin/hpssa/README.md	/docs/data-collection/monitor-anything/Storage/HP-Smart-Storage-Arrays
https://github.com/netdata/netdata/edit/master/collectors/python.d.plugin/zscores/README.md	/docs/data-collection/monitor-anything/Netdata/zscores
https://github.com/netdata/netdata/edit/master/collectors/python.d.plugin/example/README.md	/docs/data-collection/monitor-anything/Mock%20Collectors/Example-module-in-Python
https://github.com/netdata/netdata/edit/master/collectors/python.d.plugin/am2320/README.md	/docs/data-collection/monitor-anything/Hardware/AM2320
https://github.com/netdata/netdata/edit/master/collectors/python.d.plugin/bind_rndc/README.md	/docs/data-collection/monitor-anything/Dns/ISC-Bind
https://github.com/netdata/netdata/edit/master/collectors/python.d.plugin/litespeed/README.md	/docs/data-collection/monitor-anything/Web%20Servers/LiteSpeed
https://github.com/netdata/netdata/edit/master/collectors/python.d.plugin/oracledb/README.md	/docs/data-collection/monitor-anything/Databases/OracleDB
https://github.com/netdata/netdata/edit/master/collectors/python.d.plugin/spigotmc/README.md	/docs/data-collection/monitor-anything/Applications/SpigotMC
https://github.com/netdata/netdata/edit/master/collectors/python.d.plugin/monit/README.md	/docs/data-collection/monitor-anything/Storage/Monit
https://github.com/netdata/netdata/edit/master/collectors/python.d.plugin/dovecot/README.md	/docs/data-collection/monitor-anything/Applications/Dovecot
https://github.com/netdata/netdata/edit/master/collectors/python.d.plugin/sensors/README.md	/docs/data-collection/monitor-anything/Hardware/Sensors
https://github.com/netdata/netdata/edit/master/collectors/python.d.plugin/hddtemp/README.md	/docs/data-collection/monitor-anything/Hardware/Hard-drive-temperature
https://github.com/netdata/netdata/edit/master/collectors/python.d.plugin/openldap/README.md	/docs/data-collection/monitor-anything/Applications/OpenLDAP
https://github.com/netdata/netdata/edit/master/collectors/python.d.plugin/squid/README.md	/docs/data-collection/monitor-anything/Web%20Servers/Squid
https://github.com/netdata/netdata/edit/master/collectors/python.d.plugin/puppet/README.md	/docs/data-collection/monitor-anything/Provisioning%20Tools/Puppet
https://github.com/netdata/netdata/edit/master/collectors/python.d.plugin/smartd_log/README.md	/docs/data-collection/monitor-anything/Hardware/S.M.A.R.T.-attributes
https://github.com/netdata/netdata/edit/master/collectors/python.d.plugin/beanstalk/README.md	/docs/data-collection/monitor-anything/Message%20Brokers/Beanstalk
https://github.com/netdata/netdata/edit/master/collectors/python.d.plugin/traefik/README.md	/docs/data-collection/monitor-anything/Web%20Servers/traefik-python.d.plugin
https://github.com/netdata/netdata/edit/master/collectors/python.d.plugin/memcached/README.md	/docs/data-collection/monitor-anything/Databases/Memcached
https://github.com/netdata/netdata/edit/master/collectors/python.d.plugin/retroshare/README.md	/docs/data-collection/monitor-anything/Applications/RetroShare
https://github.com/netdata/netdata/edit/master/collectors/python.d.plugin/adaptec_raid/README.md	/docs/data-collection/monitor-anything/Storage/Adaptec-RAID
https://github.com/netdata/netdata/edit/master/collectors/python.d.plugin/tomcat/README.md	/docs/data-collection/monitor-anything/Web%20Servers/Tomcat
https://github.com/netdata/netdata/edit/master/collectors/python.d.plugin/haproxy/README.md	/docs/data-collection/monitor-anything/Web%20Servers/haproxy-python.d.plugin
https://github.com/netdata/netdata/edit/master/collectors/python.d.plugin/fail2ban/README.md	/docs/data-collection/monitor-anything/Applications/Fail2ban
https://github.com/netdata/netdata/edit/master/collectors/python.d.plugin/ceph/README.md	/docs/data-collection/monitor-anything/Storage/CEPH
https://github.com/netdata/netdata/edit/master/collectors/freebsd.plugin/README.md	/docs/data-collection/monitor-anything/System%20Metrics/FreeBSD-system-metrics-freebsd.plugin
https://github.com/netdata/netdata/edit/master/collectors/freeipmi.plugin/README.md	/docs/data-collection/monitor-anything/Hardware/FreeIPMI
https://github.com/netdata/netdata/edit/master/collectors/nfacct.plugin/README.md	/docs/data-collection/monitor-anything/Networking/Netfilter-statistics-nfacct.plugin
https://github.com/netdata/netdata/edit/master/collectors/perf.plugin/README.md	/docs/data-collection/monitor-anything/System%20Metrics/CPU-performance-statistics-perf.plugin
https://github.com/netdata/netdata/edit/master/collectors/plugins.d/README.md	/docs/improving-netdata---developers/external-plugins
https://github.com/netdata/netdata/edit/master/collectors/cups.plugin/README.md	/docs/data-collection/monitor-anything/Hardware/cups.plugin
https://github.com/netdata/netdata/edit/master/collectors/ioping.plugin/README.md	/docs/data-collection/monitor-anything/Qos/Latency-monitoring-ioping.plugin
https://github.com/netdata/netdata/edit/master/collectors/cgroups.plugin/README.md	/docs/data-collection/monitor-anything/Virtualized%20Environments/Containers-and-VMs-cgroups
https://github.com/netdata/netdata/edit/master/collectors/xenstat.plugin/README.md	/docs/data-collection/monitor-anything/Virtualized%20Environments/xenstat.plugin
https://github.com/netdata/netdata/edit/master/collectors/idlejitter.plugin/README.md	/docs/data-collection/monitor-anything/Qos/idlejitter.plugin
https://github.com/netdata/netdata/edit/master/collectors/diskspace.plugin/README.md	/docs/data-collection/monitor-anything/System%20Metrics/Disks
https://github.com/netdata/netdata/edit/master/collectors/apps.plugin/README.md	/docs/data-collection/monitor-anything/System%20Metrics/Application-monitoring
https://github.com/netdata/netdata/edit/master/collectors/tc.plugin/README.md	/docs/data-collection/monitor-anything/Networking/tc.plugin
https://github.com/netdata/netdata/edit/master/collectors/statsd.plugin/README.md	/docs/data-collection/monitor-anything/Any%20Application%20-%20Generic%20Collectors/StatsD
https://github.com/netdata/netdata/edit/master/collectors/statsd.plugin/asterisk.md	/docs/data-collection/monitor-anything/Applications/Asterisk
https://github.com/netdata/netdata/edit/master/collectors/statsd.plugin/k6.md	/docs/data-collection/monitor-anything/Applications/K6-Load-Testing
https://github.com/netdata/netdata/edit/master/collectors/slabinfo.plugin/README.md	/docs/data-collection/monitor-anything/System%20Metrics/slabinfo.plugin
https://github.com/netdata/netdata/edit/master/collectors/ebpf.plugin/README.md	/docs/data-collection/monitor-anything/System%20Metrics/Kernel-traces-metrics-eBPF
https://github.com/netdata/netdata/edit/master/collectors/proc.plugin/README.md	/docs/data-collection/monitor-anything/System%20Metrics/OS-provided-metrics-proc.plugin
https://github.com/netdata/netdata/edit/master/claim/README.md	/docs/getting-started/monitor-your-infrastructure/connect-agent-to-cloud
https://github.com/netdata/netdata-grafana-datasource-plugin/edit/master/README.md	/docs/exporting-data/grafana-data-source-plugin
https://github.com/netdata/agent-service-discovery/edit/master/README.md	/docs/data-collection/service-discovery
https://github.com/netdata/helmchart/edit/master/charts/netdata/README.md	/docs/installation/install-on-specific-environments/kubernetes/kubernetes-helm-chart-reference
https://github.com/netdata/.github/edit/main/SECURITY.md	/docs/improving-netdata---developers/security-policy
https://github.com/netdata/.github/edit/main/CONTRIBUTING.md	/docs/improving-netdata---developers
https://github.com/netdata/.github/edit/main/CODE_OF_CONDUCT.md	/docs/improving-netdata---developers/community-code-of-conduct
